--
-- WarQuest v5.7 baseline
--

--
-- Table structure for table `bank`
--

DROP TABLE IF EXISTS `bank`;
/*!40101 SET @saved_cs_client     = @@character_set_client */;
/*!40101 SET character_set_client = utf8 */;
CREATE TABLE `bank` (
  `id` int(11) NOT NULL AUTO_INCREMENT,
  `pid1` int(11) NOT NULL COMMENT 'source player',
  `pid2` int(11) NOT NULL COMMENT 'target player',
  `bgid` int(11) NOT NULL,
  `amount` bigint(20) NOT NULL,
  `date` datetime NOT NULL,
  `balance` bigint(20) NOT NULL,
  `action` int(11) NOT NULL,
  PRIMARY KEY (`id`),
  KEY `pid1` (`pid1`)
) ENGINE=MyISAM AUTO_INCREMENT=22906292 DEFAULT CHARSET=latin1;
/*!40101 SET character_set_client = @saved_cs_client */;

--
-- Table structure for table `battle`
--

DROP TABLE IF EXISTS `battle`;
/*!40101 SET @saved_cs_client     = @@character_set_client */;
/*!40101 SET character_set_client = utf8 */;
CREATE TABLE `battle` (
  `id` int(11) NOT NULL AUTO_INCREMENT,
  `pid1` int(11) NOT NULL COMMENT 'Source player',
  `pid2` int(11) NOT NULL COMMENT 'Target player',
  `date` datetime NOT NULL,
  `money` bigint(20) NOT NULL,
  `health` int(11) NOT NULL,
  `experience` int(11) NOT NULL,
  `win` int(1) NOT NULL,
  `ugid` int(11) NOT NULL,
  `bounty` int(11) NOT NULL,
  PRIMARY KEY (`id`),
  KEY `pid2` (`pid2`)
) ENGINE=MyISAM AUTO_INCREMENT=12296736 DEFAULT CHARSET=latin1;
/*!40101 SET character_set_client = @saved_cs_client */;

--
-- Table structure for table `battle_award`
--

DROP TABLE IF EXISTS `battle_award`;
/*!40101 SET @saved_cs_client     = @@character_set_client */;
/*!40101 SET character_set_client = utf8 */;
CREATE TABLE `battle_award` (
  `id` int(11) NOT NULL,
  `won` int(11) NOT NULL,
  `ep` int(11) NOT NULL,
  PRIMARY KEY (`id`)
) ENGINE=MyISAM DEFAULT CHARSET=latin1;
/*!40101 SET character_set_client = @saved_cs_client */;

--
-- Table structure for table `bonus`
--

DROP TABLE IF EXISTS `bonus`;
/*!40101 SET @saved_cs_client     = @@character_set_client */;
/*!40101 SET character_set_client = utf8 */;
CREATE TABLE `bonus` (
  `bonus_id` int(11) NOT NULL,
  `pid` int(11) NOT NULL,
  `date` datetime NOT NULL,
  UNIQUE KEY `bonus_id` (`bonus_id`,`pid`)
) ENGINE=MyISAM DEFAULT CHARSET=latin1;
/*!40101 SET character_set_client = @saved_cs_client */;

--
-- Table structure for table `bounty`
--

DROP TABLE IF EXISTS `bounty`;
/*!40101 SET @saved_cs_client     = @@character_set_client */;
/*!40101 SET character_set_client = utf8 */;
CREATE TABLE `bounty` (
  `id` int(11) NOT NULL AUTO_INCREMENT,
  `pid1` int(11) NOT NULL COMMENT 'Target Player',
  `pid2` int(11) NOT NULL COMMENT 'Source Player',
  `amount` bigint(20) NOT NULL,
  `experience` int(11) NOT NULL,
  `date` datetime NOT NULL,
  PRIMARY KEY (`id`),
  UNIQUE KEY `rid_2` (`id`),
  UNIQUE KEY `pid1` (`pid1`,`pid2`),
  KEY `rid` (`id`)
) ENGINE=MyISAM AUTO_INCREMENT=194019 DEFAULT CHARSET=latin1;
/*!40101 SET character_set_client = @saved_cs_client */;

--
-- Table structure for table `bounty_award`
--

DROP TABLE IF EXISTS `bounty_award`;
/*!40101 SET @saved_cs_client     = @@character_set_client */;
/*!40101 SET character_set_client = utf8 */;
CREATE TABLE `bounty_award` (
  `id` int(11) NOT NULL,
  `amount` int(11) NOT NULL,
  `ep` int(11) NOT NULL,
  PRIMARY KEY (`id`)
) ENGINE=MyISAM DEFAULT CHARSET=latin1;
/*!40101 SET character_set_client = @saved_cs_client */;

--
-- Table structure for table `building`
--

DROP TABLE IF EXISTS `building`;
/*!40101 SET @saved_cs_client     = @@character_set_client */;
/*!40101 SET character_set_client = utf8 */;
CREATE TABLE `building` (
  `bid` int(11) NOT NULL,
  `price` bigint(11) NOT NULL,
  `lid` int(11) NOT NULL,
  `income` int(11) NOT NULL,
  `defense` int(11) NOT NULL,
  `energy` int(11) NOT NULL,
  `discount` int(11) NOT NULL,
  `maintenance` int(11) NOT NULL,
  `max` int(11) NOT NULL,
  `bgid` int(11) NOT NULL,
  `ugid` int(11) NOT NULL,
  PRIMARY KEY (`bid`)
) ENGINE=MyISAM DEFAULT CHARSET=latin1;
/*!40101 SET character_set_client = @saved_cs_client */;


LOCK TABLES `building` WRITE;
/*!40000 ALTER TABLE `building` DISABLE KEYS */;
INSERT INTO `building` (`bid`, `price`, `lid`, `income`, `defense`, `energy`, `discount`, `maintenance`, `max`, `bgid`, `ugid`) VALUES (1,25000,1,1000,0,0,0,0,600,1,0),(3,220000,3,6500,0,0,0,0,600,1,0),(6,800000,8,16500,0,0,0,0,600,1,0),(8,4000000,12,65000,0,0,0,0,600,1,0),(24,5000000,15,125000,0,0,0,0,600,1,0),(12,30000000,25,250000,0,0,0,0,600,1,0),(14,90000000,35,500000,0,0,0,0,600,1,0),(16,120000000,40,800000,0,0,0,0,600,1,0),(25,150000000,45,950000,0,0,0,0,600,1,0),(17,200000000,55,1150000,0,0,0,0,600,1,0),(2,45000,4,0,10,0,0,0,600,2,2),(5,300000,5,0,30,0,0,0,600,2,2),(7,300000,10,0,50,0,0,0,600,2,4),(21,300000,5,0,12,0,0,0,600,2,3),(51,1000000,9,0,50,0,0,0,600,2,6),(9,2000000,20,0,100,0,0,0,600,2,4),(22,13000000,21,0,135,0,0,0,600,2,3),(11,15000000,22,0,150,0,0,0,600,2,2),(52,20000000,27,0,100,0,0,0,600,2,6),(20,25000000,29,0,250,0,0,0,600,2,4),(23,30000000,34,0,300,0,0,0,600,2,3),(53,30000000,39,0,250,0,0,0,600,2,6),(15,36000000,37,0,350,0,0,0,600,2,2),(54,80000000,48,0,500,0,0,0,600,2,6),(4,270000,4,0,0,1,0,0,1,3,0),(10,12000000,18,0,0,2,0,0,1,3,0),(13,45000000,30,0,0,3,0,0,1,3,0),(18,100000000,45,0,0,4,0,0,1,3,0),(19,700000000,65,0,0,5,0,0,1,3,0),(26,3000000000,70,0,0,6,0,0,1,3,0),(27,8000000000,75,0,0,7,0,0,1,3,0),(28,12000000000,81,0,0,8,0,0,1,3,0),(35,16000000000,86,0,0,9,0,0,1,3,0),(39,32000000000,92,0,0,10,0,0,1,3,0),(29,100000,4,0,0,0,1,0,1,4,0),(40,2500000,7,0,0,0,2,0,1,4,0),(30,50000000,40,0,0,0,8,0,1,4,0),(37,10000000,15,0,0,0,4,0,1,4,0),(38,15000000,30,0,0,0,6,0,1,4,0),(31,200000000,60,0,0,0,10,0,1,4,0),(32,6000000000,71,0,0,0,12,0,1,4,0),(33,10000000000,81,0,0,0,14,0,1,4,0),(34,15000000000,92,0,0,0,16,0,1,4,0),(36,35000000000,99,0,0,0,18,0,1,4,0),(41,1250000,8,0,0,0,0,1,1,5,0),(42,2500000,18,0,0,0,0,2,1,5,0),(43,5000000,28,0,0,0,0,3,1,5,0),(44,10000000,38,0,0,0,0,4,1,5,0),(45,20000000,47,0,0,0,0,5,1,5,0),(46,40000000,57,0,0,0,0,6,1,5,0),(47,80000000,68,0,0,0,0,7,1,5,0),(48,160000000,77,0,0,0,0,8,1,5,0),(49,320000000,87,0,0,0,0,9,1,5,0),(50,640000000,98,0,0,0,0,10,1,5,0),(600,40000000,100,100000,0,0,0,0,600,6,0),(601,80000000,101,200000,0,0,0,0,600,6,0),(602,160000000,106,300000,0,0,0,0,600,6,0),(603,400000000,111,400000,0,0,0,0,600,6,0),(604,800000000,114,550000,0,0,0,0,600,6,0),(605,1200000000,121,700000,0,0,0,0,600,6,0),(606,1500000000,123,800000,0,0,0,0,600,6,0),(607,1800000000,131,1000000,0,0,0,0,600,6,0),(608,2000000000,135,1250000,0,0,0,0,600,6,0),(609,2200000000,138,1500000,0,0,0,0,600,6,0),(610,2400000000,142,2000000,0,0,0,0,600,6,0),(611,3000000000,146,2500000,0,0,0,0,600,6,0),(700,400000000,102,0,400,0,0,0,600,7,7),(701,500000000,104,0,450,0,0,0,600,7,8),(711,650000000,106,0,400,0,0,0,600,7,12),(702,600000000,114,0,500,0,0,0,600,7,9),(703,700000000,119,0,550,0,0,0,600,7,7),(712,850000000,124,0,600,0,0,0,600,7,12),(704,800000000,127,0,600,0,0,0,600,7,8),(705,900000000,128,0,750,0,0,0,600,7,9),(713,950000000,131,0,800,0,0,0,600,7,12),(706,1000000000,134,0,800,0,0,0,600,7,7),(707,1200000000,136,0,850,0,0,0,600,7,8),(714,1300000000,139,0,1000,0,0,0,600,7,12),(708,1600000000,140,0,900,0,0,0,600,7,9),(709,1800000000,144,0,950,0,0,0,600,7,7),(710,2000000000,148,0,1000,0,0,0,600,7,8),(800,1000000000,101,0,0,1,0,0,1,8,0),(801,2000000000,103,0,0,2,0,0,1,8,0),(802,4000000000,105,0,0,3,0,0,1,8,0),(803,8000000000,112,0,0,4,0,0,1,8,0),(804,16000000000,118,0,0,5,0,0,1,8,0),(805,32000000000,122,0,0,6,0,0,1,8,0),(806,64000000000,125,0,0,7,0,0,1,8,0),(807,80000000000,133,0,0,8,0,0,1,8,0),(808,100000000000,136,0,0,9,0,0,1,8,0),(809,200000000000,143,0,0,10,0,0,1,8,0),(810,400000000000,145,0,0,11,0,0,1,8,0),(811,800000000000,149,0,0,12,0,0,1,8,0),(900,100000000,102,0,0,0,1,0,1,9,0),(901,500000000,104,0,0,0,2,0,1,9,0),(902,1000000000,106,0,0,0,3,0,1,9,0),(903,2000000000,111,0,0,0,4,0,1,9,0),(904,4000000000,113,0,0,0,5,0,1,9,0),(905,8000000000,117,0,0,0,6,0,1,9,0),(906,16000000000,122,0,0,0,8,0,1,9,0),(907,32000000000,125,0,0,0,10,0,1,9,0),(908,64000000000,132,0,0,0,11,0,1,9,0),(909,128000000000,135,0,0,0,12,0,1,9,0),(910,256000000000,140,0,0,0,13,0,1,9,0),(911,512000000000,142,0,0,0,14,0,1,9,0),(1000,1250000000,102,0,0,0,0,1,1,10,0),(1001,2500000000,103,0,0,0,0,2,1,10,0),(1002,5000000000,108,0,0,0,0,3,1,10,0),(1003,10000000000,112,0,0,0,0,4,1,10,0),(1004,20000000000,118,0,0,0,0,6,1,10,0),(1005,40000000000,123,0,0,0,0,8,1,10,0),(1006,80000000000,128,0,0,0,0,10,1,10,0),(1007,160000000000,132,0,0,0,0,12,1,10,0),(1008,320000000000,138,0,0,0,0,14,1,10,0),(1009,640000000000,142,0,0,0,0,16,1,10,0),(1100,40000000,152,100000,0,0,0,0,600,11,0),(1101,80000000,157,200000,0,0,0,0,600,11,0),(1102,160000000,161,300000,0,0,0,0,600,11,0),(1103,400000000,166,400000,0,0,0,0,600,11,0),(1104,800000000,171,550000,0,0,0,0,600,11,0),(1105,1200000000,176,700000,0,0,0,0,600,11,0),(1106,1500000000,181,800000,0,0,0,0,600,11,0),(1107,1800000000,186,1000000,0,0,0,0,600,11,0),(1108,2000000000,191,1250000,0,0,0,0,600,11,0),(1109,2200000000,196,1500000,0,0,0,0,600,11,0),(1200,400000000,151,0,400,0,0,0,600,12,13),(1201,500000000,156,0,450,0,0,0,600,12,14),(1202,600000000,162,0,500,0,0,0,600,12,15),(1203,700000000,167,0,550,0,0,0,600,12,13),(1204,800000000,172,0,600,0,0,0,600,12,14),(1205,900000000,177,0,750,0,0,0,600,12,15),(1206,1000000000,182,0,800,0,0,0,600,12,16),(1207,1300000000,187,0,850,0,0,0,600,12,14),(1208,1600000000,192,0,900,0,0,0,600,12,15),(1209,1800000000,197,0,950,0,0,0,600,12,13),(1210,2000000000,199,0,1050,0,0,0,600,12,16),(1300,1000000000,153,0,0,1,0,0,1,13,0),(1301,2000000000,158,0,0,2,0,0,1,13,0),(1302,4000000000,163,0,0,3,0,0,1,13,0),(1303,8000000000,168,0,0,4,0,0,1,13,0),(1304,16000000000,173,0,0,5,0,0,1,13,0),(1305,32000000000,178,0,0,6,0,0,1,13,0),(1306,64000000000,183,0,0,7,0,0,1,13,0),(1307,80000000000,188,0,0,8,0,0,1,13,0),(1308,100000000000,193,0,0,9,0,0,1,13,0),(1309,200000000000,199,0,0,10,0,0,1,13,0),(1400,100000000,154,0,0,0,1,0,1,14,0),(1401,500000000,157,0,0,0,2,0,1,14,0),(1402,1000000000,162,0,0,0,3,0,1,14,0),(1403,2000000000,167,0,0,0,4,0,1,14,0),(1404,4000000000,172,0,0,0,5,0,1,14,0),(1405,8000000000,177,0,0,0,6,0,1,14,0),(1406,16000000000,182,0,0,0,8,0,1,14,0),(1407,32000000000,186,0,0,0,10,0,1,14,0),(1408,64000000000,191,0,0,0,11,0,1,14,0),(1500,1250000000,155,0,0,0,0,1,1,15,0),(1501,2500000000,158,0,0,0,0,2,1,15,0),(1502,5000000000,163,0,0,0,0,3,1,15,0),(1503,10000000000,168,0,0,0,0,4,1,15,0),(1504,20000000000,173,0,0,0,0,6,1,15,0),(1505,40000000000,178,0,0,0,0,8,1,15,0),(1506,80000000000,183,0,0,0,0,10,1,15,0),(1507,160000000000,187,0,0,0,0,12,1,15,0),(1508,320000000000,192,0,0,0,0,14,1,15,0),(1509,640000000000,196,0,0,0,0,16,1,15,0),(1600,500000000,201,700000,0,0,0,0,600,16,0),(1601,1000000000,204,800000,0,0,0,0,600,16,0),(1602,1500000000,210,1000000,0,0,0,0,600,16,0),(1603,2000000000,215,1250000,0,0,0,0,600,16,0),(1604,2500000000,220,1500000,0,0,0,0,600,16,0),(1605,3000000000,223,2500000,0,0,0,0,600,16,0),(1606,3500000000,225,3000000,0,0,0,0,600,16,0),(1607,4000000000,228,3500000,0,0,0,0,600,16,0),(1608,4500000000,232,4000000,0,0,0,0,600,16,0),(1609,5000000000,235,4500000,0,0,0,0,600,16,0),(1700,1000000000,202,0,400,0,0,0,600,17,19),(1701,2000000000,207,0,450,0,0,0,600,17,20),(1702,3000000000,211,0,500,0,0,0,600,17,21),(1703,4000000000,216,0,550,0,0,0,600,17,22),(1704,5000000000,221,0,600,0,0,0,600,17,19),(1705,6000000000,224,0,700,0,0,0,600,17,20),(1706,7000000000,226,0,800,0,0,0,600,17,21),(1707,8000000000,230,0,900,0,0,0,600,17,22),(1708,9000000000,233,0,1000,0,0,0,600,17,19),(1709,9600000000,236,0,1200,0,0,0,600,17,20),(1800,10000000000,203,0,0,1,0,0,1,18,0),(1801,20000000000,208,0,0,2,0,0,1,18,0),(1802,40000000000,212,0,0,3,0,0,1,18,0),(1803,80000000000,217,0,0,4,0,0,1,18,0),(1804,100000000000,222,0,0,5,0,0,1,18,0),(1805,200000000000,227,0,0,6,0,0,1,18,0),(1806,300000000000,231,0,0,7,0,0,1,18,0),(1807,400000000000,233,0,0,8,0,0,1,18,0),(1808,500000000000,241,0,0,9,0,0,1,18,0),(1809,600000000000,245,0,0,10,0,0,1,18,0),(1900,10000000000,204,0,0,0,10,0,1,19,0),(1901,25000000000,209,0,0,0,12,0,1,19,0),(1902,50000000000,213,0,0,0,15,0,1,19,0),(1903,75000000000,220,0,0,0,20,0,1,19,0),(1904,100000000000,230,0,0,0,25,0,1,19,0),(2000,10000000000,209,0,0,0,0,10,1,20,0),(2001,25000000000,248,0,0,0,0,12,1,20,0),(2002,50000000000,224,0,0,0,0,15,1,20,0),(2003,75000000000,229,0,0,0,0,20,1,20,0),(2004,100000000000,234,0,0,0,0,25,1,20,0);
/*!40000 ALTER TABLE `building` ENABLE KEYS */;
UNLOCK TABLES;

--
-- Table structure for table `building_group`
--

DROP TABLE IF EXISTS `building_group`;
/*!40101 SET @saved_cs_client     = @@character_set_client */;
/*!40101 SET character_set_client = utf8 */;
CREATE TABLE `building_group` (
  `bgid` int(11) NOT NULL DEFAULT '0',
  `planet` int(30) NOT NULL,
  `sell` int(30) NOT NULL,
  `type` int(11) NOT NULL,
  PRIMARY KEY (`bgid`)
) ENGINE=MyISAM DEFAULT CHARSET=latin1;
/*!40101 SET character_set_client = @saved_cs_client */;

--
-- Dumping data for table `building_group`
--

LOCK TABLES `building_group` WRITE;
/*!40000 ALTER TABLE `building_group` DISABLE KEYS */;
INSERT INTO `building_group` (`bgid`, `planet`, `sell`, `type`) VALUES (1,0,1,1),(2,0,1,2),(3,0,0,3),(4,0,0,4),(5,0,0,5),(6,1,1,1),(7,1,1,2),(8,1,0,3),(9,1,0,4),(10,1,0,5),(11,2,1,1),(12,2,1,2),(13,2,0,3),(14,2,0,4),(15,2,0,5),(16,3,1,1),(17,3,1,2),(18,3,0,3),(19,3,0,4),(20,3,0,5),(21,4,1,1),(22,4,1,2),(23,4,0,3),(24,4,0,4),(25,4,0,5);
/*!40000 ALTER TABLE `building_group` ENABLE KEYS */;
UNLOCK TABLES;

--
-- Table structure for table `building_unit`
--

DROP TABLE IF EXISTS `building_unit`;
/*!40101 SET @saved_cs_client     = @@character_set_client */;
/*!40101 SET character_set_client = utf8 */;
CREATE TABLE `building_unit` (
  `bid` int(11) NOT NULL,
  `uid` int(11) NOT NULL,
  `amount` int(11) NOT NULL,
  PRIMARY KEY (`bid`,`uid`)
) ENGINE=MyISAM DEFAULT CHARSET=latin1;
/*!40101 SET character_set_client = @saved_cs_client */;

--
-- Dumping data for table `building_unit`
--

LOCK TABLES `building_unit` WRITE;
/*!40000 ALTER TABLE `building_unit` DISABLE KEYS */;
INSERT INTO `building_unit` (`bid`, `uid`, `amount`) VALUES (1,401,1),(1,402,1),(1,407,1),(2,401,4),(2,404,1),(2,406,4),(3,401,25),(3,402,5),(3,403,5),(4,402,10),(5,401,5),(5,402,5),(5,407,2),(6,402,50),(6,404,5),(6,405,2),(7,402,10),(7,403,2),(7,405,1),(8,402,25),(8,404,5),(8,407,5),(9,402,20),(9,404,10),(9,405,2),(10,401,5),(10,402,5),(10,404,2),(11,402,25),(11,403,2),(11,404,1),(12,401,50),(12,404,50),(12,405,2),(13,401,200),(13,402,300),(13,404,10),(14,403,200),(14,404,10),(14,407,45),(15,403,200),(15,404,10),(15,405,2),(16,403,300),(16,404,30),(17,402,500),(17,404,50),(17,407,30),(18,403,125),(18,404,10),(19,401,50),(19,402,20),(19,404,5),(20,402,100),(20,404,25),(20,407,500),(21,402,25),(21,404,2),(22,402,25),(22,405,5),(23,401,50),(23,402,300),(23,404,10),(24,403,100),(24,404,10),(24,407,10),(25,403,350),(25,404,20),(25,405,10),(26,401,500),(26,402,200),(26,403,50),(27,401,1000),(27,402,500),(27,403,100),(28,401,1000),(28,404,750),(28,405,10),(29,401,5),(29,406,50),(30,402,1000),(30,403,1000),(30,404,1000),(31,403,2000),(31,404,1500),(31,415,2000),(32,401,2000),(32,404,2000),(32,405,2000),(33,401,2500),(33,402,2500),(33,403,2500),(34,403,4500),(34,404,5000),(34,405,4500),(35,402,1500),(35,403,1000),(35,404,1600),(36,404,9000),(36,405,9000),(36,406,500),(37,405,40),(37,406,2),(37,407,5),(38,404,60),(38,406,2),(38,407,5),(39,401,1000),(39,403,4000),(39,407,100),(40,401,20),(40,404,20),(40,407,30),(41,401,5),(41,402,5),(41,407,1),(42,401,10),(42,402,10),(42,407,2),(43,401,20),(43,402,20),(43,407,4),(44,401,30),(44,402,40),(44,407,8),(45,401,60),(45,402,80),(45,407,10),(46,401,120),(46,402,160),(46,407,12),(47,401,240),(47,402,400),(47,407,30),(48,401,480),(48,402,800),(48,407,40),(49,401,1000),(49,402,1600),(49,407,50),(50,401,2000),(50,402,3500),(50,407,100),(51,401,5),(51,402,5),(51,404,10),(52,401,15),(52,402,10),(52,405,5),(53,405,30),(53,406,5),(53,407,10),(54,404,50),(54,405,50),(54,407,20),(600,1000,5),(601,1000,8),(602,1000,10),(603,1000,12),(604,1000,15),(605,1000,25),(606,1000,30),(607,1000,40),(607,1001,50),(607,1002,50),(608,1000,50),(609,1000,80),(610,1000,75),(610,1001,50),(610,1002,50),(611,1000,100),(611,1001,2000),(611,1002,2000),(700,1000,100),(701,1000,125),(702,1000,50),(703,1000,150),(704,1000,25),(705,1000,175),(706,1000,200),(707,1000,225),(708,1000,250),(709,1000,275),(710,1000,300),(711,1000,100),(711,1001,2),(711,1002,2),(712,1000,150),(712,1001,175),(712,1002,200),(713,1000,200),(713,1001,300),(713,1002,350),(714,1000,300),(714,1001,500),(714,1002,550),(800,1000,25),(801,1000,50),(802,1000,75),(803,1000,100),(804,1000,125),(805,1000,150),(806,1000,175),(807,1000,200),(808,1000,200),(809,1001,2500),(809,1002,2500),(810,1000,250),(811,1001,9999),(811,1002,9999),(900,1000,5),(900,1001,5),(900,1002,5),(901,1000,15),(901,1001,15),(901,1002,15),(902,1000,30),(902,1001,20),(902,1002,30),(903,1000,45),(903,1001,35),(903,1002,45),(904,1000,70),(904,1001,60),(904,1002,50),(905,1000,100),(905,1001,90),(905,1002,60),(906,1000,150),(906,1001,100),(906,1002,70),(907,1000,225),(907,1001,215),(907,1002,125),(908,1000,375),(908,1001,325),(908,1002,275),(909,1000,550),(909,1001,450),(909,1002,350),(910,1000,750),(910,1001,750),(910,1002,550),(911,1000,900),(911,1001,900),(911,1002,600),(1000,1000,500),(1000,1001,500),(1000,1002,500),(1001,1000,1000),(1001,1001,1000),(1001,1002,1000),(1002,1000,2000),(1002,1001,2000),(1002,1002,2000),(1003,1000,3000),(1003,1001,3000),(1003,1002,3000),(1004,1000,4000),(1004,1001,4000),(1004,1002,4000),(1005,1000,5000),(1005,1001,5000),(1005,1002,5000),(1006,1000,6000),(1006,1001,6000),(1006,1002,6000),(1007,1000,7000),(1007,1001,7000),(1007,1002,7000),(1008,1000,8000),(1008,1001,8000),(1008,1002,8000),(1009,1000,9000),(1009,1001,9000),(1009,1002,9000),(1100,1700,5),(1100,1701,5),(1100,1702,10),(1101,1700,8),(1101,1701,8),(1101,1702,20),(1102,1700,10),(1102,1701,10),(1102,1702,30),(1103,1700,12),(1103,1701,12),(1103,1702,22),(1104,1700,15),(1104,1701,15),(1104,1702,35),(1105,1700,25),(1105,1701,25),(1105,1702,45),(1106,1700,30),(1106,1701,30),(1106,1702,50),(1107,1700,40),(1107,1701,50),(1107,1702,60),(1108,1700,50),(1108,1701,50),(1108,1702,70),(1109,1700,80),(1109,1701,75),(1109,1702,90),(1200,1700,5),(1200,1701,10),(1200,1702,10),(1201,1700,15),(1201,1701,25),(1201,1702,25),(1202,1700,30),(1202,1701,50),(1202,1702,50),(1203,1700,75),(1203,1701,55),(1203,1702,25),(1204,1700,100),(1204,1701,150),(1204,1702,225),(1205,1700,250),(1205,1701,275),(1205,1702,300),(1206,1700,170),(1206,1701,200),(1206,1702,200),(1207,1700,150),(1207,1701,175),(1207,1702,200),(1208,1700,200),(1208,1701,300),(1208,1702,350),(1209,1700,300),(1209,1701,500),(1209,1702,550),(1300,1700,25),(1300,1701,25),(1300,1702,25),(1301,1700,50),(1301,1701,50),(1301,1702,50),(1302,1700,75),(1302,1701,75),(1302,1702,75),(1303,1700,170),(1303,1701,170),(1303,1702,170),(1304,1700,125),(1304,1701,125),(1304,1702,125),(1305,1700,150),(1305,1701,150),(1306,1702,175),(1307,1700,200),(1307,1701,200),(1307,1702,200),(1308,1700,2500),(1308,1701,2500),(1308,1702,2500),(1309,1700,9999),(1309,1701,9999),(1309,1702,9999),(1400,1700,5),(1400,1701,5),(1400,1702,5),(1401,1700,15),(1401,1701,15),(1401,1702,15),(1402,1700,30),(1402,1701,20),(1402,1702,30),(1403,1700,45),(1403,1701,35),(1403,1702,45),(1404,1700,70),(1404,1701,60),(1404,1702,50),(1405,1700,120),(1405,1701,130),(1405,1702,140),(1406,1700,150),(1406,1701,170),(1406,1702,170),(1407,1700,225),(1407,1701,215),(1407,1702,125),(1408,1700,375),(1408,1701,325),(1408,1702,275),(1409,1700,550),(1409,1701,450),(1409,1702,350),(1500,1700,500),(1500,1701,500),(1500,1702,500),(1501,1700,1500),(1501,1701,1500),(1501,1702,1500),(1502,1700,2500),(1502,1701,2500),(1502,1702,2500),(1503,1700,3500),(1503,1701,3500),(1503,1702,3500),(1504,1700,4500),(1504,1701,4500),(1504,1702,4500),(1505,1700,5500),(1505,1701,5500),(1505,1702,5500),(1506,1700,6500),(1506,1701,6500),(1506,1702,6500),(1507,1700,7500),(1507,1701,7500),(1507,1702,7500),(1508,1700,8500),(1508,1701,8500),(1508,1702,8500),(1509,1700,9500),(1509,1701,9500),(1509,1702,9500),(1600,2300,5),(1600,2301,5),(1600,2302,10),(1601,2300,8),(1601,2301,8),(1601,2302,20),(1602,2300,10),(1602,2301,10),(1602,2302,30),(1603,2300,12),(1603,2301,12),(1603,2302,22),(1604,2300,15),(1604,2301,15),(1604,2302,35),(1605,2300,25),(1605,2301,25),(1605,2302,45),(1606,2300,30),(1606,2301,30),(1606,2302,50),(1607,2300,40),(1607,2301,50),(1607,2302,60),(1608,2300,50),(1608,2301,50),(1608,2302,70),(1609,2300,80),(1609,2301,75),(1609,2302,90),(1700,2300,5),(1700,2301,10),(1700,2302,10),(1701,2300,15),(1701,2301,25),(1701,2302,25),(1702,2300,30),(1702,2301,50),(1702,2302,50),(1703,2300,75),(1703,2301,55),(1703,2302,25),(1704,2300,100),(1704,2301,150),(1704,2302,225),(1705,2300,250),(1705,2301,275),(1705,2302,300),(1706,2300,170),(1706,2301,200),(1706,2302,200),(1707,2300,150),(1707,2301,175),(1707,2302,200),(1708,2300,200),(1708,2301,300),(1708,2302,350),(1709,2300,300),(1709,2301,500),(1709,2302,550),(1800,2300,25),(1800,2301,25),(1800,2302,25),(1801,2300,50),(1801,2301,50),(1801,2302,50),(1802,2300,75),(1802,2301,75),(1802,2302,75),(1803,2300,230),(1803,2301,230),(1803,2302,230),(1804,2300,125),(1804,2301,125),(1804,2302,125),(1805,2300,150),(1805,2301,150),(1806,2302,175),(1807,2300,200),(1807,2301,200),(1807,2302,200),(1808,2300,2500),(1808,2301,2500),(1808,2302,2500),(1809,2300,9999),(1809,2301,9999),(1809,2302,9999),(1900,2300,5),(1900,2301,5),(1900,2302,5),(1901,2300,15),(1901,2301,15),(1901,2302,15),(1902,2300,30),(1902,2301,20),(1902,2302,30),(1903,2300,45),(1903,2301,35),(1903,2302,45),(1904,2300,70),(1904,2301,60),(1904,2302,50),(2000,2300,120),(2000,2301,130),(2000,2302,140),(2001,2300,150),(2001,2301,230),(2001,2302,230),(2002,2300,225),(2002,2301,215),(2002,2302,125),(2003,2300,375),(2003,2301,325),(2003,2302,275),(2004,2300,550),(2004,2301,450),(2004,2302,350);
/*!40000 ALTER TABLE `building_unit` ENABLE KEYS */;
UNLOCK TABLES;

--
-- Table structure for table `chat`
--

DROP TABLE IF EXISTS `chat`;
/*!40101 SET @saved_cs_client     = @@character_set_client */;
/*!40101 SET character_set_client = utf8 */;
CREATE TABLE `chat` (
  `id` int(11) NOT NULL AUTO_INCREMENT,
  `pid1` int(11) NOT NULL,
  `pid2` int(11) NOT NULL,
  `date` datetime NOT NULL,
  `message` varchar(400) NOT NULL,
  PRIMARY KEY (`id`)
) ENGINE=MyISAM AUTO_INCREMENT=3143 DEFAULT CHARSET=latin1;
/*!40101 SET character_set_client = @saved_cs_client */;

--
-- Table structure for table `chat`
--

DROP TABLE IF EXISTS `chat`;
/*!40101 SET @saved_cs_client     = @@character_set_client */;
/*!40101 SET character_set_client = utf8 */;
CREATE TABLE `chat` (
  `id` int(11) NOT NULL AUTO_INCREMENT,
  `pid1` int(11) NOT NULL,
  `pid2` int(11) NOT NULL,
  `date` datetime NOT NULL,
  `message` varchar(400) NOT NULL,
  PRIMARY KEY (`id`)
) ENGINE=MyISAM AUTO_INCREMENT=3143 DEFAULT CHARSET=latin1;
/*!40101 SET character_set_client = @saved_cs_client */;

--
-- Table structure for table `cron`
--

DROP TABLE IF EXISTS `cron`;
/*!40101 SET @saved_cs_client     = @@character_set_client */;
/*!40101 SET character_set_client = utf8 */;
CREATE TABLE `cron` (
  `cid` int(11) NOT NULL AUTO_INCREMENT,
  `note` text NOT NULL,
  `last_run` datetime NOT NULL,
  PRIMARY KEY (`cid`)
) ENGINE=MyISAM AUTO_INCREMENT=15 DEFAULT CHARSET=latin1;
/*!40101 SET character_set_client = @saved_cs_client */;

--
-- Dumping data for table `cron`
--

LOCK TABLES `cron` WRITE;
/*!40000 ALTER TABLE `cron` DISABLE KEYS */;
INSERT INTO `cron` (`cid`, `note`, `last_run`) VALUES (1,'Update robot allies job','2013-11-05 00:00:01'),(2,'Clean battle log job','2013-11-05 00:00:22'),(3,'Statistics job','2013-11-05 00:00:25'),(4,'Pay bank interest job','2013-11-05 00:00:28'),(5,'Clean bank log job','2013-11-05 00:00:32'),(6,'Delete pending alliance invitations.','2013-11-05 00:00:41'),(7,'Update players with negative hourly income ','2013-11-05 00:00:41');
/*!40000 ALTER TABLE `cron` ENABLE KEYS */;

INSERT INTO `cron` (`cid`, `note`, `last_run`) VALUES (8,'Database full backup','2013-11-05 00:00:41');

UNLOCK TABLES;

-- Table structure for table `level`
--

DROP TABLE IF EXISTS `level`;
/*!40101 SET @saved_cs_client     = @@character_set_client */;
/*!40101 SET character_set_client = utf8 */;
CREATE TABLE `level` (
  `lid` int(11) NOT NULL,
  `experience` int(11) NOT NULL,
  `unit_lost` int(11) NOT NULL,
  `building_lost` int(11) NOT NULL,
  `planet` int(11) NOT NULL,
  PRIMARY KEY (`lid`)
) ENGINE=MyISAM DEFAULT CHARSET=latin1;
/*!40101 SET character_set_client = @saved_cs_client */;

--
-- Dumping data for table `level`
--

LOCK TABLES `level` WRITE;
/*!40000 ALTER TABLE `level` DISABLE KEYS */;
INSERT INTO `level` (`lid`, `experience`, `unit_lost`, `building_lost`, `planet`) VALUES (0,14,0,0,0),(1,20,0,0,0),(2,40,0,0,0),(3,70,0,0,0),(4,100,0,0,0),(5,140,1,1,0),(6,180,1,0,0),(7,230,1,1,0),(8,280,1,0,0),(9,330,1,1,0),(10,400,1,0,0),(11,470,1,1,0),(12,540,1,0,0),(13,620,1,1,0),(14,700,1,0,0),(15,820,1,1,0),(16,950,1,0,0),(17,1090,1,1,0),(18,1240,1,0,0),(19,1400,1,1,0),(20,1700,0,0,0),(21,2000,1,1,0),(22,2300,1,0,0),(23,2600,0,1,0),(24,2900,1,0,0),(25,3300,0,1,0),(26,3700,1,0,0),(27,4100,1,1,0),(28,4400,1,0,0),(29,4700,1,1,0),(30,5000,0,0,0),(31,5400,1,1,0),(32,5800,0,0,0),(33,6200,1,1,0),(34,6600,1,0,0),(35,7200,0,1,0),(36,7600,1,0,0),(37,8000,0,1,0),(38,8400,1,0,0),(39,8800,1,1,0),(40,9200,0,0,0),(41,9700,1,1,0),(42,10200,1,0,0),(43,10700,1,1,0),(44,11700,0,0,0),(45,12700,1,1,0),(46,13700,0,0,0),(47,14600,1,1,0),(48,15500,1,0,0),(49,16000,1,1,0),(50,16500,0,0,0),(51,17000,0,1,0),(52,17500,1,0,0),(53,18000,1,1,0),(54,18500,1,0,0),(55,19000,1,1,0),(56,19500,0,0,0),(57,20000,1,1,0),(58,20500,0,0,0),(59,21000,1,1,0),(60,21500,1,0,0),(61,22000,1,1,0),(62,22500,0,0,0),(63,23250,0,1,0),(64,24000,1,0,0),(65,24500,1,1,0),(66,25000,0,0,0),(67,25500,1,1,0),(68,26000,1,0,0),(69,26500,0,1,0),(70,27000,1,0,0),(71,27500,1,1,0),(72,28000,1,0,0),(73,28500,0,1,0),(74,29000,1,0,0),(75,29500,1,1,0),(76,30000,0,0,0),(77,30500,1,1,0),(78,31000,1,0,0),(79,31500,0,1,0),(80,32000,1,0,0),(81,32500,1,1,0),(82,33000,1,0,0),(83,33500,0,1,0),(84,34000,1,0,0),(85,34500,1,1,0),(86,35000,0,0,0),(87,35500,1,1,0),(88,36000,1,0,0),(89,36500,0,1,0),(90,37000,1,0,0),(91,37500,1,1,0),(92,38000,0,0,0),(93,38500,1,1,0),(94,39000,1,0,0),(95,39750,0,1,0),(96,40500,1,0,0),(97,41000,1,1,0),(98,41500,1,0,0),(99,42000,1,1,0),(100,42500,1,0,1),(101,43000,1,1,1),(102,43500,1,0,1),(103,44000,1,1,1),(104,44500,0,0,1),(105,45000,1,1,1),(106,45500,1,0,1),(107,46000,1,1,1),(108,46500,1,0,1),(109,47000,0,1,1),(110,48000,1,0,1),(111,49000,1,1,1),(112,50000,1,0,1),(113,51000,1,1,1),(114,52000,1,0,1),(115,53000,1,1,1),(116,54000,1,0,1),(117,55000,1,1,1),(118,56000,1,0,1),(119,57000,1,1,1),(120,58000,1,0,1),(121,59000,1,1,1),(122,60000,1,0,1),(123,62000,1,1,1),(124,64000,1,0,1),(125,66000,1,1,1),(126,68000,1,0,1),(127,70000,1,1,1),(128,72000,1,0,1),(129,74000,1,1,1),(130,76000,1,0,1),(131,78000,1,1,1),(132,80000,1,0,1),(133,82000,1,1,1),(134,84000,1,0,1),(135,86000,1,1,1),(136,88000,1,0,1),(137,90000,1,1,1),(138,92000,1,0,1),(139,95000,1,1,1),(140,98000,1,0,1),(141,100000,1,1,1),(142,102000,1,0,1),(143,104000,1,1,1),(144,106000,1,0,1),(145,108000,1,1,1),(146,110000,1,0,1),(147,112000,1,1,1),(148,114000,1,0,1),(149,116000,1,1,1),(150,118000,1,0,2),(151,120000,1,1,2),(152,122000,1,0,2),(153,124000,1,1,2),(154,125500,1,0,2),(155,127000,1,1,2),(156,128500,1,0,2),(157,130000,1,1,2),(158,131500,1,0,2),(159,132500,1,1,2),(160,133500,1,1,2),(161,134500,1,1,2),(162,135500,1,1,2),(163,136500,1,1,2),(164,137500,1,1,2),(165,138500,1,1,2),(166,139500,1,1,2),(167,140500,1,1,2),(168,142000,1,1,2),(169,143500,1,1,2),(170,145000,1,1,2),(171,146500,1,1,2),(172,148000,1,1,2),(173,149500,1,1,2),(174,151000,1,1,2),(175,152500,1,1,2),(176,154000,1,1,2),(177,155500,1,1,2),(178,157000,1,1,2),(179,158500,1,1,2),(180,160000,1,1,2),(181,162500,1,1,2),(182,164000,1,1,2),(183,166000,1,1,2),(184,168000,1,1,2),(185,170000,1,1,2),(186,172000,1,1,2),(187,174000,1,1,2),(188,176000,1,1,2),(189,178000,1,1,2),(190,180000,1,1,2),(191,182000,1,1,2),(192,184000,1,1,2),(193,186000,1,1,2),(194,188000,1,1,2),(195,190000,1,1,2),(196,192000,1,1,2),(197,194000,1,1,2),(198,196000,1,1,2),(199,198000,1,1,2),(200,200000,1,1,3),(201,210000,1,1,3),(202,220000,1,1,3),(203,230000,1,1,3),(204,240000,1,1,3),(205,250000,1,1,3),(206,260000,1,1,3),(207,270000,1,1,3),(208,280000,1,1,3),(209,290000,1,1,3),(210,300000,1,1,3),(211,310000,1,1,3),(212,320000,1,1,3),(213,330000,1,1,3),(214,340000,1,1,3),(215,350000,1,1,3),(216,360000,1,1,3),(217,370000,1,1,3),(218,380000,1,1,3),(219,390000,1,1,3),(220,400000,1,1,3),(221,410000,1,1,3),(222,420000,1,1,3),(223,430000,1,1,3),(224,440000,1,1,3),(225,450000,1,1,3),(226,460000,1,1,3),(227,470000,1,1,3),(228,480000,1,1,3),(229,490000,1,1,3),(230,500000,1,1,3),(231,510000,1,1,3),(232,520000,1,1,3),(233,530000,1,1,3),(234,540000,1,1,3),(235,550000,1,1,3),(236,560000,1,1,3),(237,570000,1,1,3),(238,580000,1,1,3),(239,590000,1,1,3),(240,600000,1,1,3),(241,610000,1,1,3),(242,620000,1,1,3),(243,630000,1,1,3),(244,640000,1,1,3),(245,650000,1,1,3),(246,660000,1,1,3),(247,670000,1,1,3),(248,680000,1,1,3),(249,690000,1,1,3),(250,700000,1,1,4),(251,710000,1,1,4),(252,720000,1,1,4),(253,730000,1,1,4),(254,740000,1,1,4),(255,750000,1,1,4),(256,760000,1,1,4),(257,770000,1,1,4),(258,780000,1,1,4),(259,790000,1,1,4),(260,800000,1,1,4),(261,810000,1,1,4),(262,820000,1,1,4),(263,830000,1,1,4),(264,840000,1,1,4),(265,850000,1,1,4),(266,860000,1,1,4),(267,870000,1,1,4),(268,880000,1,1,4),(269,890000,1,1,4),(270,900000,1,1,4),(271,910000,1,1,4),(272,920000,1,1,4),(273,930000,1,1,4),(274,940000,1,1,4),(275,950000,1,1,4),(276,960000,1,1,4),(277,970000,1,1,4),(278,980000,1,1,4),(279,990000,1,1,4);
/*!40000 ALTER TABLE `level` ENABLE KEYS */;
UNLOCK TABLES;

--
-- Table structure for table `member`
--

DROP TABLE IF EXISTS `member`;
/*!40101 SET @saved_cs_client     = @@character_set_client */;
/*!40101 SET character_set_client = utf8 */;
CREATE TABLE `member` (
  `pid` int(11) NOT NULL AUTO_INCREMENT,
  `username` varchar(40) NOT NULL,
  `password` varchar(65) NOT NULL,
  `email` varchar(120) NOT NULL,
  `notification_comment` int(11) NOT NULL,
  `notification_alliance` int(11) NOT NULL,
  `created` datetime NOT NULL,
  `last_login` datetime NOT NULL,
  `prev_login` datetime NOT NULL,
  `ip` varchar(16) NOT NULL,
  `browser` varchar(128) NOT NULL,
  `version` varchar(20) NOT NULL,
  `platform` varchar(128) NOT NULL,
  `auto_login` int(11) NOT NULL,
  PRIMARY KEY (`pid`)
) ENGINE=MyISAM AUTO_INCREMENT=50204 DEFAULT CHARSET=latin1;
/*!40101 SET character_set_client = @saved_cs_client */;

--
-- Table structure for table `mission`
--

DROP TABLE IF EXISTS `mission`;
/*!40101 SET @saved_cs_client     = @@character_set_client */;
/*!40101 SET character_set_client = utf8 */;
CREATE TABLE `mission` (
  `mid` int(11) NOT NULL,
  `min_price` bigint(11) NOT NULL,
  `max_price` bigint(11) NOT NULL,
  `experience` int(11) NOT NULL,
  `loot` int(11) NOT NULL,
  `energy` int(11) NOT NULL,
  `alliance` int(11) NOT NULL,
  `lid` int(11) NOT NULL,
  `mgid` int(11) NOT NULL,
  PRIMARY KEY (`mid`)
) ENGINE=MyISAM DEFAULT CHARSET=latin1;
/*!40101 SET character_set_client = @saved_cs_client */;

--
-- Dumping data for table `mission`
--

LOCK TABLES `mission` WRITE;
/*!40000 ALTER TABLE `mission` DISABLE KEYS */;
INSERT INTO `mission` (`mid`, `min_price`, `max_price`, `experience`, `loot`, `energy`, `alliance`, `lid`, `mgid`) VALUES (0,5000,10000,2,0,5,0,0,0),(1,1000,3000,1,1,9,0,1,1),(2,5000,8000,3,1,28,0,2,1),(3,7000,20000,4,1,45,0,3,1),(4,7000,20000,4,1,39,0,4,1),(5,13000,23000,5,1,50,0,5,1),(6,17000,33000,7,1,70,0,6,1),(7,30000,55000,10,1,80,0,7,1),(8,25000,60000,10,0,90,0,8,1),(10,8000,22000,3,1,30,0,9,2),(11,12000,22000,4,0,35,0,10,2),(12,26000,49000,4,0,61,0,12,2),(13,9000,29000,3,1,33,0,14,2),(14,20000,60000,7,0,67,0,16,2),(15,23000,43000,5,0,52,2,18,2),(16,18000,55000,5,1,50,2,19,2),(17,23000,43000,11,0,112,4,20,2),(20,21000,62000,6,1,60,4,22,3),(21,39000,117000,7,0,64,6,24,3),(22,37000,87000,4,1,40,6,26,3),(23,75000,125000,5,1,50,8,28,3),(24,240000,324000,10,1,101,8,30,3),(25,158000,306000,7,1,71,10,32,3),(26,143000,377000,7,1,69,10,34,3),(27,583000,840000,18,0,165,12,36,3),(30,277000,415000,7,1,70,12,38,4),(31,343000,666000,9,0,89,14,40,4),(32,252000,378000,5,0,53,14,42,4),(33,547000,1280000,13,0,129,16,44,4),(34,324000,540000,7,1,64,16,46,4),(35,608000,840000,11,0,101,18,48,4),(36,857000,1590000,7,1,75,18,50,4),(37,2210000,4810000,22,1,208,20,52,4),(40,1180000,1880000,8,0,78,20,54,5),(41,1410000,3280000,11,1,101,22,56,5),(42,924000,2440000,7,0,68,22,58,5),(43,3280000,4710000,15,1,153,24,60,5),(44,1950000,5840000,12,0,112,24,62,5),(45,2140000,4240000,10,0,93,26,64,5),(46,1790000,5100000,8,1,78,26,66,5),(47,11400000,17100000,27,0,258,28,67,5),(50,3230000,7530000,10,0,93,28,68,6),(51,5400000,10300000,13,0,129,29,69,6),(52,1330000,20800000,22,0,213,30,70,6),(53,5390000,14600000,11,0,100,31,71,6),(54,11000000,14900000,12,1,117,32,72,6),(55,6900000,13900000,9,1,85,33,73,6),(56,14000000,23400000,15,0,138,34,74,6),(57,35800000,53700000,31,1,297,35,75,6),(60,19500000,32500000,16,0,155,36,76,7),(61,20800000,45000000,18,0,172,37,77,7),(62,50700000,85000000,34,0,325,38,78,7),(63,19500000,32500000,13,1,131,39,79,7),(64,18200000,42900000,13,0,125,40,80,7),(65,93600000,140000000,46,1,438,41,81,7),(66,37700000,72800000,22,0,227,42,82,7),(67,78000000,160000000,56,1,546,43,83,7),(70,48100000,80600000,20,0,192,45,84,8),(71,70200000,120000000,29,0,277,47,85,8),(72,150000000,240000000,48,0,455,49,86,8),(73,52000000,150000000,29,1,285,51,87,8),(74,110000000,170000000,33,0,322,53,88,8),(75,140000000,270000000,54,0,515,55,89,8),(76,92300000,150000000,26,0,251,57,90,8),(77,170000000,390000000,62,0,615,59,91,8),(80,148100000,185000000,20,1,300,61,92,9),(81,150200000,205000000,29,0,314,63,93,9),(82,170000000,250000000,30,1,362,65,94,9),(83,202000000,300000000,31,0,420,67,95,9),(84,221000000,350000000,32,1,480,69,96,9),(85,282000000,450000000,40,0,560,71,97,9),(86,300000000,500000000,45,1,620,73,98,9),(87,400000000,610000000,50,0,700,75,99,9),(100,100000,300000,2,1,109,235,101,10),(101,250000,350000,6,1,128,240,102,10),(102,300000,450000,8,1,145,242,103,10),(103,250000,450000,8,1,139,244,104,10),(104,200000,500000,10,1,150,246,105,10),(105,170000,630000,14,1,170,248,106,10),(106,300000,700000,20,1,180,250,107,10),(107,450000,800000,20,0,190,252,108,10),(110,300000,350000,6,1,130,254,109,11),(111,120000,220000,8,0,135,256,110,11),(112,260000,490000,8,0,161,258,111,11),(113,900000,290000,6,1,133,260,112,11),(114,200000,600000,14,0,167,262,113,11),(115,230000,430000,10,0,152,264,114,11),(116,180000,550000,10,1,150,266,115,11),(117,230000,430000,22,0,212,268,116,11),(120,210000,462000,12,1,260,270,117,12),(121,390000,417000,14,0,264,272,118,12),(122,370000,487000,8,1,240,274,119,12),(123,750000,425000,10,1,250,276,120,12),(124,240000,524000,20,1,301,278,121,12),(125,158000,606000,14,1,271,280,122,12),(126,143000,777000,14,1,269,282,123,12),(127,583000,840000,36,0,365,284,123,12),(130,577000,815000,14,1,270,290,124,13),(131,543000,866000,19,0,289,295,124,13),(132,652000,878000,10,0,253,300,125,13),(133,647000,1280000,26,0,329,305,125,13),(134,724000,840000,14,1,264,310,126,13),(135,608000,940000,22,0,301,315,126,13),(136,857000,1590000,14,1,275,320,127,13),(137,2210000,4810000,44,1,408,325,127,13),(140,1180000,1880000,16,0,278,330,128,14),(141,1410000,3280000,22,1,301,335,128,14),(142,2004000,2440000,14,0,368,340,129,14),(143,3280000,4710000,30,1,353,345,129,14),(144,1950000,5840000,24,0,312,350,130,14),(145,2140000,4240000,20,0,293,355,130,14),(146,1790000,5100000,16,1,278,360,131,14),(147,11400000,17100000,54,0,458,370,131,14),(150,3230000,7530000,20,0,293,380,132,15),(151,5400000,10300000,26,0,329,385,132,15),(152,1330000,20800000,44,0,413,390,133,15),(153,5390000,14600000,22,0,300,392,133,15),(154,11000000,14900000,24,1,317,394,134,15),(155,15900000,19900000,18,1,385,396,134,15),(156,14000000,23400000,30,0,338,398,135,15),(157,35800000,53700000,62,1,497,400,135,15),(160,19500000,32500000,32,0,355,401,136,16),(161,20800000,45000000,36,0,372,402,136,16),(162,50700000,85000000,68,0,525,403,137,16),(163,19500000,32500000,26,1,331,404,137,16),(164,18200000,42900000,26,0,325,405,138,16),(165,93600000,140000000,92,1,638,406,139,16),(166,37700000,72800000,44,0,427,407,139,16),(167,78000000,160000000,73,1,746,408,140,16),(170,48100000,80600000,40,0,392,409,140,17),(171,70200000,120000000,58,0,477,409,141,17),(172,150000000,240000000,96,0,655,410,141,17),(173,52000000,150000000,58,1,485,411,142,17),(174,110000000,170000000,66,0,522,412,142,17),(175,140000000,270000000,70,0,715,413,143,17),(176,92300000,150000000,52,0,451,414,143,17),(177,170000000,390000000,76,0,815,415,144,17),(180,148100000,185000000,40,1,500,417,144,18),(181,150200000,205000000,58,0,514,420,145,18),(182,170000000,250000000,60,1,562,425,145,18),(183,202000000,300000000,62,0,620,430,146,18),(184,221000000,350000000,64,1,680,435,147,18),(185,282000000,450000000,80,0,760,437,148,18),(186,300000000,500000000,90,1,820,438,148,18),(187,400000000,610000000,95,0,900,439,149,18),(200,1000000,1500000,2,1,30,440,150,20),(201,1500000,2000000,6,1,90,441,150,20),(202,2000000,3000000,8,1,120,442,151,20),(203,2500000,3500000,9,1,135,443,151,20),(204,3000000,3500000,10,1,150,444,152,20),(205,3500000,4000000,14,1,210,445,152,20),(206,4000000,4500000,18,1,270,446,153,20),(207,4500000,5000000,20,0,300,447,153,20),(210,3500000,5500000,6,1,90,448,154,21),(211,4000000,5200000,8,0,120,449,154,21),(212,4400000,5900000,9,0,135,450,155,21),(213,5100000,6900000,10,1,150,451,156,21),(214,5300000,6000000,14,0,210,452,156,21),(215,5500000,6300000,16,0,240,453,157,21),(216,5700000,6500000,18,1,270,454,157,21),(217,6000000,7300000,22,0,360,455,158,21),(220,6100000,7120000,12,1,180,456,159,22),(221,6300000,7170000,14,0,210,457,160,22),(222,6700000,7870000,10,1,150,458,161,22),(223,7100000,8250000,16,1,240,459,162,22),(224,7200000,8240000,20,1,300,460,163,22),(225,7580000,8060000,14,1,271,461,164,22),(226,7930000,8270000,24,1,360,462,165,22),(227,8130000,8900000,30,0,450,463,166,22),(230,8270000,8450000,20,1,300,464,167,23),(231,8530000,8660000,24,0,360,465,168,23),(232,8720000,8980000,22,0,330,466,169,23),(233,8970000,9200000,28,0,420,467,170,23),(234,9240000,9400000,26,1,390,468,171,23),(235,9580000,9700000,30,0,450,469,172,23),(236,9670000,9800000,35,1,525,470,173,23),(237,9810000,9990000,40,1,600,470,174,23),(240,1180000,1880000,26,0,390,475,175,24),(241,1410000,3280000,32,1,480,470,176,24),(242,2004000,2440000,34,0,510,475,177,24),(243,3280000,4710000,30,1,450,480,178,24),(244,1950000,5840000,32,0,480,485,179,24),(245,2140000,4240000,40,0,600,490,180,24),(246,1790000,5100000,46,1,690,495,181,24),(247,1140000,1710000,50,0,750,500,182,24),(250,32300000,35000000,20,0,300,505,182,25),(251,24000000,25000000,30,0,450,510,183,25),(252,23300000,25800000,40,0,600,515,184,25),(253,33900000,35600000,28,0,420,520,184,25),(254,21000000,45900000,32,1,480,525,185,25),(255,25900000,35900000,42,1,630,530,185,25),(256,24000000,40400000,44,0,660,531,186,25),(257,35800000,43700000,64,1,960,532,186,25),(260,39500000,42500000,50,0,750,533,187,26),(261,30800000,35000000,45,0,675,534,187,26),(262,30700000,35000000,55,0,825,535,188,26),(263,49500000,50000000,49,1,735,536,188,26),(264,48200000,52900000,56,0,840,537,189,26),(265,43600000,56000000,62,1,930,538,189,26),(266,47700000,59800000,64,0,960,539,190,26),(267,58000000,60000000,70,1,1050,540,190,26),(270,181000000,206000000,60,0,900,545,191,27),(271,102000000,220000000,70,0,1050,550,191,27),(272,250000000,280000000,64,0,960,555,192,27),(273,220000000,250000000,66,1,990,560,192,27),(274,310000000,470000000,72,0,1080,561,193,27),(275,340000000,470000000,74,0,1120,562,193,27),(276,423000000,550000000,68,0,1020,563,194,27),(277,470000000,590000000,80,0,1200,564,194,27),(280,548100000,585000000,70,1,1050,565,195,28),(281,550200000,605000000,76,0,1140,566,195,28),(282,570000000,650000000,78,1,1170,567,196,28),(283,602000000,690000000,82,0,1230,569,196,28),(284,621000000,650000000,84,1,1260,570,197,28),(285,642000000,690000000,92,0,1380,571,197,28),(286,700000000,750000000,90,0,1350,572,198,28),(287,800000000,850000000,98,1,1470,573,199,28),(300,1000000,1500000,2,1,30,550,200,30),(301,1500000,2000000,6,1,90,560,201,30),(302,2000000,3000000,8,1,120,570,202,30),(303,2500000,3500000,9,1,135,580,203,30),(304,3000000,3500000,10,1,150,590,204,30),(305,3500000,4000000,14,1,210,600,205,30),(306,4000000,4500000,18,1,270,605,206,30),(307,4500000,5000000,20,0,300,609,207,30),(310,3500000,5500000,6,1,90,610,208,31),(311,4000000,5200000,8,0,120,615,209,31),(312,4400000,5900000,9,0,135,620,210,31),(313,5100000,6900000,10,1,150,621,211,31),(314,5300000,6000000,14,0,210,622,212,31),(315,5500000,6300000,16,0,240,623,213,31),(316,5700000,6500000,18,1,270,624,214,31),(317,6000000,7300000,22,0,360,625,215,31),(320,6100000,7120000,12,1,180,626,216,32),(321,6300000,7170000,14,0,210,627,217,32),(322,6700000,7870000,10,1,150,628,218,32),(323,7100000,8250000,16,1,240,629,218,32),(324,7200000,8240000,20,1,300,630,219,32),(325,7580000,8060000,14,1,271,631,219,32),(326,7930000,8270000,24,1,360,632,220,32),(327,8130000,8900000,30,0,450,633,220,32),(330,8270000,8450000,20,1,300,634,221,33),(331,8530000,8660000,24,0,360,635,221,33),(332,8720000,8980000,22,0,330,636,222,33),(333,8970000,9200000,28,0,420,637,222,33),(334,9240000,9400000,26,1,390,638,223,33),(335,9580000,9700000,30,0,450,639,223,33),(336,9670000,9800000,35,1,525,640,224,33),(337,9810000,9990000,40,1,600,641,224,33),(340,1180000,1880000,26,0,390,642,225,34),(341,1410000,3280000,32,1,480,643,225,34),(342,2004000,2440000,34,0,510,644,226,34),(343,3280000,4710000,30,1,450,645,226,34),(344,1950000,5840000,32,0,480,646,227,34),(345,2140000,4240000,40,0,600,647,227,34),(346,1790000,5100000,46,1,690,648,228,34),(347,1140000,1710000,50,0,750,649,228,34),(350,32300000,35000000,20,0,300,650,229,35),(351,24000000,25000000,30,0,450,651,239,35),(352,23300000,25800000,40,0,600,652,230,35),(353,33900000,35600000,28,0,420,657,230,35),(354,21000000,45900000,32,1,480,658,231,35),(355,25900000,35900000,42,1,630,660,231,35),(356,24000000,40400000,44,0,660,662,232,35),(357,35800000,43700000,64,1,960,664,232,35),(360,39500000,42500000,50,0,750,666,233,36),(361,30800000,35000000,45,0,675,668,233,36),(362,30700000,35000000,55,0,825,670,234,36),(363,49500000,50000000,49,1,735,672,234,36),(364,48200000,52900000,56,0,840,674,235,36),(365,43600000,56000000,62,1,930,676,235,36),(366,47700000,59800000,64,0,960,678,236,36),(367,58000000,60000000,70,1,1050,680,236,36),(370,181000000,206000000,60,0,900,680,237,37),(371,102000000,220000000,70,0,1050,682,237,37),(372,250000000,280000000,64,0,960,684,238,37),(373,220000000,250000000,66,1,990,686,238,37),(374,310000000,470000000,72,0,1080,688,239,37),(375,340000000,470000000,74,0,1120,690,239,37),(376,423000000,550000000,68,0,1020,700,240,37),(377,470000000,590000000,80,0,1200,710,241,37),(380,548100000,585000000,70,1,1050,720,242,38),(381,550200000,605000000,76,0,1140,724,243,38),(382,570000000,650000000,78,1,1170,727,244,38),(383,602000000,690000000,82,0,1230,730,245,38),(384,621000000,650000000,84,1,1260,733,246,38),(385,642000000,690000000,92,0,1380,736,247,38),(386,700000000,750000000,90,0,1350,738,248,38),(387,800000000,850000000,98,1,1470,740,249,38);
/*!40000 ALTER TABLE `mission` ENABLE KEYS */;
UNLOCK TABLES;

--
-- Table structure for table `mission_group`
--

DROP TABLE IF EXISTS `mission_group`;
/*!40101 SET @saved_cs_client     = @@character_set_client */;
/*!40101 SET character_set_client = utf8 */;
CREATE TABLE `mission_group` (
  `mgid` int(11) NOT NULL DEFAULT '0',
  `planet` int(30) NOT NULL,
  PRIMARY KEY (`mgid`)
) ENGINE=MyISAM DEFAULT CHARSET=latin1;
/*!40101 SET character_set_client = @saved_cs_client */;

--
-- Dumping data for table `mission_group`
--

LOCK TABLES `mission_group` WRITE;
/*!40000 ALTER TABLE `mission_group` DISABLE KEYS */;
INSERT INTO `mission_group` (`mgid`, `planet`) VALUES (0,0),(1,0),(2,0),(3,0),(4,0),(5,0),(6,0),(7,0),(8,0),(9,0),(10,1),(11,1),(12,1),(13,1),(14,1),(15,1),(16,1),(17,1),(18,1),(20,2),(21,2),(22,2),(23,2),(24,2),(25,2),(26,2),(27,2),(28,2),(30,3),(31,3),(32,3),(33,3),(34,3),(35,3),(36,3),(37,3),(38,3),(40,4),(41,4),(42,4),(43,4),(44,4),(45,4),(46,4),(47,4),(48,4);
/*!40000 ALTER TABLE `mission_group` ENABLE KEYS */;
UNLOCK TABLES;

--
-- Table structure for table `mission_unit`
--

DROP TABLE IF EXISTS `mission_unit`;
/*!40101 SET @saved_cs_client     = @@character_set_client */;
/*!40101 SET character_set_client = utf8 */;
CREATE TABLE `mission_unit` (
  `mid` int(11) NOT NULL,
  `uid` int(11) NOT NULL,
  `amount` int(11) NOT NULL,
  PRIMARY KEY (`mid`,`uid`)
) ENGINE=MyISAM DEFAULT CHARSET=latin1;
/*!40101 SET character_set_client = @saved_cs_client */;

--
-- Dumping data for table `mission_unit`
--

LOCK TABLES `mission_unit` WRITE;
/*!40000 ALTER TABLE `mission_unit` DISABLE KEYS */;
INSERT INTO `mission_unit` (`mid`, `uid`, `amount`) VALUES (1,1,2),(1,101,1),(2,2,5),(2,201,1),(2,301,2),(3,1,20),(3,102,2),(3,202,3),(4,2,5),(4,103,2),(4,301,5),(5,3,20),(5,103,2),(5,203,5),(6,2,15),(6,104,2),(6,302,10),(7,4,25),(7,204,5),(7,303,5),(10,3,10),(10,103,5),(10,302,5),(11,4,16),(11,303,5),(12,3,15),(12,203,5),(12,304,2),(13,3,25),(13,104,2),(14,204,2),(14,202,2),(14,203,2),(15,301,10),(15,304,2),(16,4,7),(16,305,4),(17,1,50),(17,102,5),(17,106,5),(20,4,8),(20,105,1),(20,304,2),(21,6,20),(21,205,3),(21,304,3),(22,4,10),(22,105,5),(22,305,1),(23,5,35),(23,105,4),(23,305,5),(24,6,35),(24,106,12),(25,6,8),(25,207,2),(25,108,1),(26,5,40),(26,106,8),(26,306,1),(27,7,80),(27,106,46),(30,7,18),(30,106,6),(30,305,7),(31,6,10),(31,106,4),(31,306,4),(32,208,1),(32,307,5),(33,206,3),(33,208,10),(34,7,11),(34,209,3),(34,307,7),(35,107,5),(35,209,12),(35,210,1),(36,211,10),(36,306,12),(37,107,20),(37,211,20),(37,305,60),(40,306,6),(40,307,8),(40,308,10),(41,14,15),(41,109,28),(41,108,22),(42,8,10),(42,109,5),(42,309,5),(43,10,20),(43,309,30),(43,311,1),(44,10,25),(44,110,13),(44,308,13),(45,10,30),(45,111,8),(45,309,22),(46,11,30),(46,110,21),(46,308,18),(47,111,60),(47,309,35),(47,112,1),(50,10,20),(50,113,8),(50,309,12),(51,12,15),(51,109,32),(51,310,20),(52,109,35),(52,211,20),(52,310,25),(53,12,15),(53,105,21),(53,211,25),(54,13,30),(54,113,32),(54,310,32),(55,114,10),(55,113,10),(55,212,10),(56,113,21),(56,214,20),(56,311,30),(57,116,60),(57,214,75),(57,310,60),(60,115,20),(60,13,40),(60,313,5),(61,116,30),(61,213,20),(61,313,5),(62,116,40),(62,215,50),(62,311,60),(63,14,50),(63,15,20),(63,313,50),(64,214,20),(64,313,50),(65,117,50),(65,216,60),(65,313,100),(66,16,50),(66,118,48),(66,216,10),(67,17,60),(67,118,20),(67,217,15),(70,120,50),(70,18,100),(71,19,50),(71,121,25),(71,218,30),(72,20,50),(72,316,25),(72,219,25),(73,21,100),(73,120,25),(73,316,50),(74,22,50),(74,119,60),(74,318,15),(75,23,30),(75,122,20),(75,220,15),(76,24,25),(76,123,30),(76,318,20),(77,124,50),(77,224,50),(77,323,50),(8,2,30),(8,103,10),(8,302,25),(0,1,1),(0,101,1),(80,20,60),(80,124,60),(80,225,60),(81,225,55),(81,125,75),(81,324,25),(82,21,20),(82,225,35),(82,224,50),(83,22,40),(83,126,60),(83,226,70),(84,22,50),(84,227,70),(84,325,80),(85,23,60),(85,126,50),(85,227,20),(86,23,50),(86,127,60),(86,326,35),(87,21,90),(87,228,90),(87,326,90),(100,700,1),(100,800,1),(101,700,2),(101,800,4),(101,900,2),(102,700,5),(102,800,5),(103,800,2),(103,900,5),(104,700,5),(104,800,6),(105,700,5),(105,701,6),(105,801,5),(106,701,9),(106,801,1),(106,901,4),(107,701,5),(107,801,3),(107,901,9),(110,700,100),(110,801,50),(110,900,50),(111,700,60),(111,901,50),(112,702,100),(112,802,5),(112,801,60),(113,702,5),(113,802,10),(114,702,15),(114,802,20),(114,902,10),(115,700,150),(115,802,30),(115,902,30),(116,701,115),(116,702,150),(117,703,50),(117,803,50),(117,903,75),(120,703,8),(120,802,1),(120,901,2),(121,703,20),(121,801,3),(121,901,3),(122,703,10),(122,803,5),(122,903,10),(123,703,35),(123,802,40),(123,901,50),(124,704,35),(124,804,12),(125,704,8),(125,904,2),(125,802,1),(126,704,40),(126,803,8),(126,904,1),(127,801,80),(127,902,46),(127,903,46),(130,704,18),(130,803,6),(130,903,7),(131,705,10),(131,802,4),(131,905,4),(132,903,1),(132,701,1),(132,803,5),(133,905,3),(133,904,10),(134,801,11),(134,705,3),(134,802,7),(135,904,5),(135,903,12),(135,803,1),(136,706,10),(136,804,12),(137,706,20),(137,906,20),(137,806,60),(140,806,6),(140,706,8),(140,906,10),(141,905,15),(141,805,28),(141,706,22),(142,704,10),(142,806,5),(142,703,5),(143,707,2),(143,807,2),(143,907,2),(144,707,25),(144,907,13),(144,803,13),(145,807,30),(145,907,8),(145,703,22),(146,705,30),(146,807,21),(146,905,18),(147,707,3),(147,807,2),(147,907,4),(150,708,20),(150,808,8),(150,908,12),(151,706,15),(151,804,32),(151,905,20),(152,708,35),(152,807,20),(152,905,25),(153,707,15),(153,808,21),(153,908,25),(154,704,30),(154,804,32),(154,908,32),(155,709,10),(155,809,10),(155,909,10),(156,705,21),(156,804,20),(156,909,30),(157,702,60),(157,804,75),(157,906,60),(160,709,20),(160,809,40),(160,909,5),(161,708,30),(161,804,20),(161,906,5),(162,809,40),(162,910,50),(162,912,10),(163,709,50),(163,808,20),(163,911,50),(164,805,20),(164,808,50),(165,911,50),(165,912,20),(165,810,100),(166,704,50),(166,702,48),(166,912,30),(167,701,60),(167,802,20),(167,912,15),(170,913,50),(170,802,100),(171,704,50),(171,805,25),(171,912,30),(172,703,50),(172,806,25),(172,913,25),(173,704,100),(173,1209,25),(173,904,50),(174,707,50),(174,808,60),(174,1205,15),(175,707,30),(175,809,20),(175,914,15),(176,707,25),(176,1208,30),(176,913,20),(177,1206,50),(177,810,50),(177,914,50),(180,707,60),(180,803,60),(180,911,60),(181,709,55),(181,1207,75),(181,911,25),(182,707,20),(182,806,35),(182,915,50),(183,706,40),(183,808,60),(183,913,70),(184,1208,50),(184,809,70),(184,914,80),(185,708,60),(185,809,50),(185,915,20),(186,708,50),(186,1209,60),(186,915,35),(187,1210,150),(187,709,150),(187,916,150),(200,1300,1),(200,1400,1),(201,1300,2),(201,1400,4),(201,1500,2),(202,1300,5),(202,1400,5),(203,1400,2),(203,1500,5),(204,1300,5),(204,1400,6),(205,1300,5),(205,1301,6),(205,1401,5),(206,1301,9),(206,1401,1),(206,1501,4),(207,1301,5),(207,1401,3),(207,1501,9),(210,1300,100),(210,1401,50),(210,1500,50),(211,1300,60),(211,1501,50),(212,1302,100),(212,1402,5),(212,1401,60),(213,1302,5),(213,1402,10),(214,1302,15),(214,1402,20),(214,1502,10),(215,1300,150),(215,1402,30),(215,1502,30),(216,1301,115),(216,1302,150),(217,1303,50),(217,1403,50),(217,1503,75),(220,1303,8),(220,1402,1),(220,1501,2),(221,1303,20),(221,1401,3),(221,1501,3),(222,1303,10),(222,1403,5),(222,1503,10),(223,1303,35),(223,1402,40),(223,1501,50),(224,1304,35),(224,1404,12),(225,1304,8),(225,1504,2),(225,1402,1),(226,1304,40),(226,1403,8),(226,1504,1),(227,1401,140),(227,1502,46),(227,1503,46),(230,1304,18),(230,1404,6),(230,1503,7),(231,1305,10),(231,1405,4),(231,1505,4),(232,1503,1),(232,1301,1),(232,1403,5),(233,1505,3),(233,1504,10),(234,1405,11),(234,1305,3),(234,1404,7),(235,1504,5),(235,1503,12),(235,1403,1),(236,1306,10),(236,1406,12),(237,1306,20),(237,1506,20),(237,1406,60),(240,1406,6),(240,1306,8),(240,1506,10),(241,1505,15),(241,1405,28),(241,1306,22),(242,1304,10),(242,1406,5),(242,1303,5),(243,1307,2),(243,1407,2),(243,1507,2),(244,1307,25),(244,1507,13),(244,1403,13),(245,1407,30),(245,1507,8),(245,1303,22),(246,1305,30),(246,1407,21),(246,1505,18),(247,1307,3),(247,1407,2),(247,1507,4),(250,1308,20),(250,1408,8),(250,1508,12),(251,1306,15),(251,1404,32),(251,1505,20),(252,1308,35),(252,1407,20),(252,1505,25),(253,1307,15),(253,1408,21),(253,1508,25),(254,1304,30),(254,1404,32),(254,1508,32),(255,1309,10),(255,1409,10),(255,1509,10),(256,1305,21),(256,1404,20),(256,1509,30),(257,1302,60),(257,1404,75),(257,1506,60),(260,1309,20),(260,1409,40),(260,1509,5),(261,1308,30),(261,1404,20),(261,1506,5),(262,1409,40),(262,1502,50),(262,1602,10),(263,1309,50),(263,1408,20),(263,1602,50),(264,1405,20),(264,1408,50),(265,1302,50),(265,1401,20),(265,1502,100),(266,1304,50),(266,1302,48),(266,1601,30),(267,1301,60),(267,1402,20),(267,1602,15),(270,1603,50),(270,1402,100),(271,1304,50),(271,1405,25),(271,1605,30),(272,1303,50),(272,1406,25),(272,1606,25),(273,1304,100),(273,1409,25),(273,1504,50),(274,1307,50),(274,1408,60),(274,1505,15),(275,1307,30),(275,1409,20),(275,1608,15),(276,1307,125),(276,1308,130),(276,1607,120),(277,1306,150),(277,1409,150),(277,1509,150),(280,1307,160),(280,1403,160),(280,1607,160),(281,1306,155),(281,1407,175),(281,1607,125),(282,1302,120),(282,1406,135),(282,1607,150),(283,1306,140),(283,1402,160),(283,1608,170),(284,1306,150),(284,1407,170),(284,1608,180),(285,1307,160),(285,1408,150),(285,1609,120),(286,1308,150),(286,1409,160),(286,1509,135),(287,1309,250),(287,1409,250),(287,1609,250),(300,1900,1),(300,2000,1),(300,2100,1),(301,1900,2),(301,2100,4),(302,2000,5),(302,2100,5),(302,2200,5),(303,1900,2),(303,2000,5),(304,1900,5),(304,2100,6),(305,1900,5),(305,2001,6),(306,1901,9),(306,2001,1),(306,2201,1),(307,1901,5),(307,2001,3),(310,1900,100),(310,2001,50),(310,2201,25),(311,1900,60),(311,2101,50),(312,1902,100),(312,2002,5),(312,2102,5),(313,1902,5),(313,2002,10),(314,1902,15),(314,2002,20),(315,1900,150),(315,2202,30),(316,1901,115),(316,1902,150),(317,1903,50),(317,2003,50),(317,2103,50),(320,1903,8),(320,2002,1),(321,2003,20),(321,2101,3),(321,2201,3),(322,1903,10),(322,2003,5),(323,1903,35),(323,2002,40),(324,1904,35),(324,2004,12),(325,1904,8),(325,2104,2),(325,2204,2),(326,1904,40),(326,2003,8),(327,2001,140),(327,2102,46),(327,2202,20),(330,1904,18),(330,2004,6),(331,2104,6),(331,1905,10),(331,2005,4),(332,1903,1),(332,2101,1),(332,2201,1),(333,2005,3),(333,2104,10),(334,2005,11),(334,1905,3),(335,1904,5),(335,2103,12),(336,2006,10),(336,2106,12),(336,2206,12),(337,1906,20),(337,2106,20),(340,2006,6),(340,1906,8),(340,2106,10),(341,2005,15),(341,2105,28),(341,2205,28),(342,1904,10),(342,2006,5),(343,1907,2),(343,2007,2),(344,1907,25),(344,2107,13),(345,2007,30),(345,2107,8),(346,1905,30),(346,2007,21),(346,2205,30),(347,1907,3),(347,2007,2),(350,1908,20),(350,2008,8),(351,1906,15),(351,2004,32),(351,2104,32),(352,1908,35),(352,2007,20),(353,1907,15),(353,2008,21),(354,2204,30),(354,2004,32),(355,1909,10),(355,2009,10),(356,1905,21),(356,2004,20),(356,2105,21),(357,1902,60),(357,2004,75),(360,1909,20),(360,2009,40),(361,1908,30),(361,2004,20),(362,2009,40),(362,2102,50),(363,1909,50),(363,2008,20),(363,2108,20),(364,1905,20),(364,2008,50),(365,1902,50),(365,2001,20),(365,2201,20),(366,1904,50),(366,1902,48),(367,1901,60),(367,2002,20),(367,2202,20),(370,2103,50),(370,2002,100),(371,1904,50),(371,2005,25),(372,2003,50),(372,2106,25),(372,2206,25),(373,1904,100),(373,2009,25),(374,1907,50),(374,2008,60),(375,2207,30),(375,2009,20),(376,1907,125),(376,2008,130),(377,1906,150),(377,2009,150),(380,1907,160),(380,2003,160),(381,1906,155),(381,2007,175),(382,1902,120),(382,2106,135),(383,2006,140),(383,2202,160),(384,2006,150),(384,2107,170),(385,2007,160),(385,2008,150),(386,2108,150),(386,2209,160),(387,1909,250),(387,2009,250),(387,2109,250);
/*!40000 ALTER TABLE `mission_unit` ENABLE KEYS */;
UNLOCK TABLES;

--
-- Table structure for table `news`
--

DROP TABLE IF EXISTS `news`;
/*!40101 SET @saved_cs_client     = @@character_set_client */;
/*!40101 SET character_set_client = utf8 */;
CREATE TABLE `news` (
  `id` int(11) NOT NULL AUTO_INCREMENT,
  `date` datetime NOT NULL,
  `body` varchar(128) NOT NULL,
  `content` varchar(1024) NOT NULL,
  `language` varchar(5) NOT NULL,
  PRIMARY KEY (`id`)
) ENGINE=MyISAM AUTO_INCREMENT=124 DEFAULT CHARSET=latin1;
/*!40101 SET character_set_client = @saved_cs_client */;

--
-- Table structure for table `player`
--

DROP TABLE IF EXISTS `player`;
/*!40101 SET @saved_cs_client     = @@character_set_client */;
/*!40101 SET character_set_client = utf8 */;
CREATE TABLE `player` (
  `pid` int(11) NOT NULL,
  `name` varchar(64) NOT NULL,
  `twitter` varchar(20) NOT NULL,
  `country` varchar(5) NOT NULL,
  `ammo` int(11) NOT NULL,
  `ammo_date` datetime NOT NULL,
  `ammo_step` int(11) NOT NULL,
  `energy` int(11) NOT NULL,
  `energy_step` int(11) NOT NULL,
  `energy_date` datetime NOT NULL,
  `health` int(11) NOT NULL,
  `health_step` int(11) NOT NULL,
  `health_date` datetime NOT NULL,
  `money` bigint(20) NOT NULL,
  `money_step` bigint(20) NOT NULL,
  `money_date` datetime NOT NULL,
  `upkeep` int(11) NOT NULL,
  `lid` int(11) NOT NULL,
  `won_level` int(11) NOT NULL,
  `experience` int(11) NOT NULL,
  `won` int(11) NOT NULL,
  `lost` int(11) NOT NULL,
  `mission` int(11) NOT NULL,
  `alliance` int(11) NOT NULL,
  `invite` int(11) NOT NULL,
  `bank1` bigint(20) NOT NULL,
  `bank2` bigint(20) NOT NULL,
  `bank3` bigint(20) NOT NULL,
  `damage_units` int(11) NOT NULL,
  `damage_buildings` int(11) NOT NULL,
  `maintenance` int(11) NOT NULL,
  `last_battle` datetime NOT NULL,
  `news` int(11) NOT NULL,
  `chat` int(11) NOT NULL,
  `comment` int(11) NOT NULL,
  `language` varchar(10) NOT NULL,
  `background` int(11) NOT NULL,
  `default_force` varchar(40) NOT NULL,
  `default_mission` varchar(40) NOT NULL,
  `default_amount` int(11) NOT NULL,
  `bonus_date` datetime NOT NULL,
  `request` int(11) NOT NULL,
  `request_date` datetime NOT NULL,
  `ads` int(11) NOT NULL,
  `casino` int(11) NOT NULL,
  `restore_health` datetime NOT NULL,
  `restore_energy` datetime NOT NULL,
  `restore_ammo` datetime NOT NULL,
  `cease_fire_date` datetime NOT NULL,
  `holiday_date` datetime NOT NULL,
  `rebel_status` int(11) NOT NULL,
  `bounty` int(11) NOT NULL,
  `bounty_level` int(11) NOT NULL,
  `planet` int(11) NOT NULL,
  `rebel` int(11) NOT NULL,
  `rebel_level` int(11) NOT NULL,
  `pattern` varchar(16) NOT NULL,
  PRIMARY KEY (`pid`),
  KEY `lid` (`lid`)
) ENGINE=MyISAM DEFAULT CHARSET=latin1;
/*!40101 SET character_set_client = @saved_cs_client */;

--
-- Table structure for table `player_building`
--

DROP TABLE IF EXISTS `player_building`;
/*!40101 SET @saved_cs_client     = @@character_set_client */;
/*!40101 SET character_set_client = utf8 */;
CREATE TABLE `player_building` (
  `pid` int(11) NOT NULL,
  `bid` int(11) NOT NULL,
  `amount` int(11) NOT NULL,
  PRIMARY KEY (`pid`,`bid`)
) ENGINE=MyISAM DEFAULT CHARSET=latin1;
/*!40101 SET character_set_client = @saved_cs_client */;

--
-- Table structure for table `player_mission`
--

DROP TABLE IF EXISTS `player_mission`;
/*!40101 SET @saved_cs_client     = @@character_set_client */;
/*!40101 SET character_set_client = utf8 */;
CREATE TABLE `player_mission` (
  `pid` int(11) NOT NULL,
  `mid` int(11) NOT NULL,
  `progress` int(11) NOT NULL,
  `part` int(11) NOT NULL,
  `part2` int(11) NOT NULL,
  PRIMARY KEY (`pid`,`mid`)
) ENGINE=MyISAM DEFAULT CHARSET=latin1;
/*!40101 SET character_set_client = @saved_cs_client */;

--
-- Table structure for table `player_player`
--

DROP TABLE IF EXISTS `player_player`;
/*!40101 SET @saved_cs_client     = @@character_set_client */;
/*!40101 SET character_set_client = utf8 */;
CREATE TABLE `player_player` (
  `pid1` int(11) NOT NULL,
  `pid2` int(11) NOT NULL,
  `approved` int(11) NOT NULL,
  `invite_date` datetime NOT NULL,
  PRIMARY KEY (`pid1`,`pid2`)
) ENGINE=MyISAM DEFAULT CHARSET=latin1;
/*!40101 SET character_set_client = @saved_cs_client */;

--
-- Table structure for table `player_poll`
--

DROP TABLE IF EXISTS `player_poll`;
/*!40101 SET @saved_cs_client     = @@character_set_client */;
/*!40101 SET character_set_client = utf8 */;
CREATE TABLE `player_poll` (
  `pid` int(11) NOT NULL,
  `poll_id` int(11) NOT NULL,
  `answer_id` int(11) NOT NULL,
  PRIMARY KEY (`pid`,`poll_id`)
) ENGINE=MyISAM DEFAULT CHARSET=latin1;
/*!40101 SET character_set_client = @saved_cs_client */;

--
-- Table structure for table `player_stock`
--

DROP TABLE IF EXISTS `player_stock`;
/*!40101 SET @saved_cs_client     = @@character_set_client */;
/*!40101 SET character_set_client = utf8 */;
CREATE TABLE `player_stock` (
  `pid` int(11) NOT NULL,
  `sid` int(11) NOT NULL,
  `amount` bigint(11) NOT NULL,
  `cost` bigint(20) NOT NULL,
  PRIMARY KEY (`pid`,`sid`)
) ENGINE=MyISAM DEFAULT CHARSET=latin1;
/*!40101 SET character_set_client = @saved_cs_client */;

--
-- Table structure for table `player_unit`
--

DROP TABLE IF EXISTS `player_unit`;
/*!40101 SET @saved_cs_client     = @@character_set_client */;
/*!40101 SET character_set_client = utf8 */;
CREATE TABLE `player_unit` (
  `pid` int(11) NOT NULL,
  `uid` int(11) NOT NULL,
  `amount` int(11) NOT NULL,
  PRIMARY KEY (`pid`,`uid`)
) ENGINE=MyISAM DEFAULT CHARSET=latin1;
/*!40101 SET character_set_client = @saved_cs_client */;


--
-- Table structure for table `poll`
--

DROP TABLE IF EXISTS `poll`;
/*!40101 SET @saved_cs_client     = @@character_set_client */;
/*!40101 SET character_set_client = utf8 */;
CREATE TABLE `poll` (
  `poll_id` int(11) NOT NULL,
  `question` varchar(128) NOT NULL,
  `disabled` int(11) NOT NULL,
  PRIMARY KEY (`poll_id`)
) ENGINE=MyISAM DEFAULT CHARSET=latin1;
/*!40101 SET character_set_client = @saved_cs_client */;

--
-- Dumping data for table `poll`
--

LOCK TABLES `poll` WRITE;
/*!40000 ALTER TABLE `poll` DISABLE KEYS */;
INSERT INTO `poll` (`poll_id`, `question`, `disabled`) VALUES (1,'How is the website response time?',0),(2,'How must the player leaderbord be ordered?',1),(3,'Do you like the new moon features?',1),(4,'Can other players from the same country who placed the bounty be able to collect it?',1),(5,'How did you find WarQuest?',0),(6,'Do you like the new battle random player list?',1),(7,'Do you like the WarQuest twitter (tweet) integration?',0),(8,'On this moment players from the same country can NOT attack each other. Shall i drop this constrain?',1),(9,'Shall I remove all earth soldier units. They are only limitted used!',1);
/*!40000 ALTER TABLE `poll` ENABLE KEYS */;
UNLOCK TABLES;

--
-- Table structure for table `poll_answer`
--

DROP TABLE IF EXISTS `poll_answer`;
/*!40101 SET @saved_cs_client     = @@character_set_client */;
/*!40101 SET character_set_client = utf8 */;
CREATE TABLE `poll_answer` (
  `answer_id` int(11) NOT NULL,
  `poll_id` int(11) NOT NULL,
  `answer` varchar(128) NOT NULL,
  PRIMARY KEY (`answer_id`)
) ENGINE=MyISAM DEFAULT CHARSET=latin1;
/*!40101 SET character_set_client = @saved_cs_client */;

--
-- Dumping data for table `poll_answer`
--

LOCK TABLES `poll_answer` WRITE;
/*!40000 ALTER TABLE `poll_answer` DISABLE KEYS */;
INSERT INTO `poll_answer` (`answer_id`, `poll_id`, `answer`) VALUES (1,1,'Excellent'),(2,1,'Good'),(3,1,'Average'),(4,1,'Bad'),(5,2,'Expercience points'),(6,2,'Battles won'),(7,2,'Battles won - battles lost'),(8,2,'Battles won + exp. points - battles lost'),(9,3,'Yes'),(10,3,'No'),(11,3,'Neutral'),(12,4,'Yes'),(13,4,'No'),(14,4,'Neutral'),(15,5,'Android Market on phone'),(16,5,'market.android.com website'),(17,5,'plaatsoft.nl website'),(18,5,'AppBrain.com website'),(19,5,'OviStore on phone'),(20,5,'Family / Friend / Colleague'),(21,5,'Other'),(22,6,'Yes'),(23,6,'No'),(24,6,'Neutral'),(25,7,'Yes'),(26,7,'No'),(27,7,'Neutral'),(28,8,'Yes'),(29,8,'No'),(30,8,'Neutral'),(31,9,'Yes'),(32,9,'No'),(33,9,'Neutral');
/*!40000 ALTER TABLE `poll_answer` ENABLE KEYS */;
UNLOCK TABLES;

--
-- Table structure for table `rebel_award`
--

DROP TABLE IF EXISTS `rebel_award`;
/*!40101 SET @saved_cs_client     = @@character_set_client */;
/*!40101 SET character_set_client = utf8 */;
CREATE TABLE `rebel_award` (
  `id` int(11) NOT NULL,
  `amount` int(11) NOT NULL,
  `ep` int(11) NOT NULL,
  PRIMARY KEY (`id`)
) ENGINE=MyISAM DEFAULT CHARSET=latin1;
/*!40101 SET character_set_client = @saved_cs_client */;

--
-- Dumping data for table `rebel_award`
--

LOCK TABLES `rebel_award` WRITE;
/*!40000 ALTER TABLE `rebel_award` DISABLE KEYS */;
INSERT INTO `rebel_award` (`id`, `amount`, `ep`) VALUES (1,1,1),(2,3,1),(3,7,2),(4,10,2),(5,20,3),(6,30,3),(7,40,4),(8,50,4),(9,75,5),(10,100,6);
/*!40000 ALTER TABLE `rebel_award` ENABLE KEYS */;
UNLOCK TABLES;

--
-- Table structure for table `session`
--

DROP TABLE IF EXISTS `session`;
/*!40101 SET @saved_cs_client     = @@character_set_client */;
/*!40101 SET character_set_client = utf8 */;
CREATE TABLE `session` (
  `id` int(11) NOT NULL AUTO_INCREMENT,
  `session_id` varchar(70) NOT NULL,
  `pid` int(11) NOT NULL,
  `date` datetime NOT NULL,
  PRIMARY KEY (`id`),
  UNIQUE KEY `session_id` (`session_id`)
) ENGINE=MyISAM AUTO_INCREMENT=581679 DEFAULT CHARSET=latin1;
/*!40101 SET character_set_client = @saved_cs_client */;

--
-- Table structure for table `skill`
--

DROP TABLE IF EXISTS `skill`;
/*!40101 SET @saved_cs_client     = @@character_set_client */;
/*!40101 SET character_set_client = utf8 */;
CREATE TABLE `skill` (
  `pid` int(11) NOT NULL,
  `attack_max` int(11) NOT NULL,
  `defense_max` int(11) NOT NULL,
  `health_max` int(11) NOT NULL,
  `energy_max` int(11) NOT NULL,
  `ammo_max` int(11) NOT NULL,
  `skill_points` int(11) NOT NULL,
  `health_timer` int(11) NOT NULL,
  `energy_timer` int(11) NOT NULL,
  `ammo_timer` int(11) NOT NULL,
  `trade_points` int(11) NOT NULL,
  PRIMARY KEY (`pid`)
) ENGINE=MyISAM DEFAULT CHARSET=latin1;
/*!40101 SET character_set_client = @saved_cs_client */;

--
-- Table structure for table `statistics`
--

DROP TABLE IF EXISTS `statistics`;
/*!40101 SET @saved_cs_client     = @@character_set_client */;
/*!40101 SET character_set_client = utf8 */;
CREATE TABLE `statistics` (
  `id` int(11) NOT NULL AUTO_INCREMENT,
  `date` date NOT NULL,
  `requests` int(11) NOT NULL,
  `fights` int(11) NOT NULL,
  `players` int(11) NOT NULL,
  `logins` int(11) NOT NULL,
  `missions` int(11) NOT NULL,
  `ads` int(11) NOT NULL,
  `casino` int(11) NOT NULL,
  PRIMARY KEY (`id`)
) ENGINE=MyISAM AUTO_INCREMENT=984 DEFAULT CHARSET=latin1;
/*!40101 SET character_set_client = @saved_cs_client */;

--
-- Table structure for table `stock`
--

DROP TABLE IF EXISTS `stock`;
/*!40101 SET @saved_cs_client     = @@character_set_client */;
/*!40101 SET character_set_client = utf8 */;
CREATE TABLE `stock` (
  `sid` int(11) NOT NULL AUTO_INCREMENT,
  `symbol` varchar(10) NOT NULL,
  `gsid` int(11) NOT NULL,
  `pid` int(11) NOT NULL,
  PRIMARY KEY (`sid`)
) ENGINE=MyISAM AUTO_INCREMENT=2119 DEFAULT CHARSET=latin1;
/*!40101 SET character_set_client = @saved_cs_client */;

--
-- Dumping data for table `stock`
--

LOCK TABLES `stock` WRITE;
/*!40000 ALTER TABLE `stock` DISABLE KEYS */;
INSERT INTO `stock` (`sid`, `symbol`, `gsid`, `pid`) VALUES (1,'AAPL',1,0),(2,'MSFT',1,0),(3,'VOD',1,0),(4,'ORCL',1,0),(5,'GOOG',1,0),(6,'INTC',1,0),(7,'AMZN',1,0),(8,'CSCO',1,0),(9,'EBAY',1,0),(100,'MCD',2,0),(101,'SBUX',2,0),(102,'MMM',2,0),(103,'AXP',2,0),(104,'XOM',2,0),(105,'CVX',2,0),(106,'WMT',2,0),(107,'GE',2,0),(108,'KO',2,0),(200,'ASML',3,0),(201,'UN',3,0),(202,'CLB',3,0),(203,'MT',3,0),(204,'NXPI',3,0),(205,'ENL',3,0),(206,'PHG',3,0),(207,'ING',3,0),(208,'AEF',3,0);
/*!40000 ALTER TABLE `stock` ENABLE KEYS */;
UNLOCK TABLES;


--
-- Table structure for table `topic`
--

DROP TABLE IF EXISTS `topic`;
/*!40101 SET @saved_cs_client     = @@character_set_client */;
/*!40101 SET character_set_client = utf8 */;
CREATE TABLE `topic` (
  `tid` int(11) NOT NULL AUTO_INCREMENT,
  `fid` int(11) NOT NULL,
  `pid` int(11) NOT NULL,
  `description` varchar(128) NOT NULL,
  `date` datetime NOT NULL,
  `deleted` int(11) NOT NULL,
  PRIMARY KEY (`tid`)
) ENGINE=MyISAM AUTO_INCREMENT=1032 DEFAULT CHARSET=latin1;
/*!40101 SET character_set_client = @saved_cs_client */;

--
-- Table structure for table `unit`
--

DROP TABLE IF EXISTS `unit`;
/*!40101 SET @saved_cs_client     = @@character_set_client */;
/*!40101 SET character_set_client = utf8 */;
CREATE TABLE `unit` (
  `uid` int(11) NOT NULL,
  `lid` int(11) NOT NULL,
  `price` int(11) NOT NULL,
  `attack` int(11) NOT NULL,
  `defense` int(11) NOT NULL,
  `max` int(11) NOT NULL,
  `ugid` int(11) NOT NULL,
  `upkeep` int(11) NOT NULL,
  PRIMARY KEY (`uid`)
) ENGINE=MyISAM DEFAULT CHARSET=latin1;
/*!40101 SET character_set_client = @saved_cs_client */;

--
-- Dumping data for table `unit`
--

LOCK TABLES `unit` WRITE;
/*!40000 ALTER TABLE `unit` DISABLE KEYS */;
INSERT INTO `unit` (`uid`, `lid`, `price`, `attack`, `defense`, `max`, `ugid`, `upkeep`) VALUES (1,0,400,3,3,5000,2,0),(2,2,700,6,3,5000,2,0),(3,3,1200,6,6,5000,2,0),(4,5,1800,12,3,5000,2,0),(5,9,2500,0,18,5000,2,0),(6,12,4600,18,3,5000,2,0),(7,18,10000,9,15,5000,2,100),(8,24,15000,15,12,5000,2,100),(9,26,20000,18,12,5000,2,200),(10,30,24000,27,6,5000,2,200),(11,33,30000,30,3,5000,2,300),(12,36,32000,18,18,5000,2,300),(13,39,58000,36,12,5000,2,600),(14,42,70000,42,9,5000,2,700),(15,45,96000,51,15,5000,2,1000),(16,50,160000,72,12,5000,2,1600),(17,55,240000,81,27,5000,2,2400),(18,60,300000,84,48,5000,2,3000),(19,64,600000,126,36,5000,2,6000),(20,67,880000,165,30,5000,2,9000),(21,70,1200000,195,27,5000,2,12000),(22,75,1560000,225,30,5000,2,15600),(23,80,1920000,270,12,5000,2,19200),(24,85,2400000,285,30,5000,2,24000),(101,0,2500,6,6,5000,2,0),(102,2,4500,9,6,5000,2,0),(103,3,12500,18,12,5000,2,0),(104,6,25000,27,18,5000,2,0),(105,10,60000,15,54,5000,2,700),(106,15,160000,60,39,5000,2,1400),(107,19,300000,30,105,5000,2,2100),(108,22,510000,84,72,5000,2,2800),(109,27,700000,126,51,5000,2,3600),(110,29,850000,57,114,5000,2,4800),(111,32,1100000,135,90,5000,2,6400),(112,34,2000000,108,150,5000,2,10500),(113,39,2800000,138,153,5000,2,16000),(114,44,3700000,162,162,5000,2,22000),(115,49,4500000,213,147,5000,2,25000),(116,54,5700000,249,171,5000,2,33000),(117,59,7000000,270,180,5000,2,39000),(118,64,8500000,345,150,5000,2,45000),(119,69,10300000,324,216,5000,2,55000),(120,74,15000000,375,234,5000,2,84000),(121,79,16000000,390,246,5000,2,100000),(122,84,18000000,420,255,5000,2,110000),(123,85,19000000,411,282,5000,2,120000),(124,87,21000000,468,288,5000,2,135000),(125,91,23000000,429,375,5000,2,140000),(126,94,25000000,549,333,5000,2,145000),(127,97,28000000,600,550,5000,2,150000),(201,1,6000,12,6,5000,3,0),(202,2,10000,6,21,5000,3,0),(203,4,30000,33,15,5000,3,0),(204,7,90000,24,60,5000,3,0),(205,11,200000,81,45,5000,3,2000),(206,14,490000,45,105,5000,3,2900),(207,16,620000,135,30,5000,3,3400),(208,20,920000,84,102,5000,3,5100),(209,23,1100000,126,84,5000,3,6200),(210,32,2000000,120,180,5000,3,11700),(211,35,2800000,135,195,5000,3,17200),(212,38,3800000,186,186,5000,3,25000),(213,43,4800000,240,150,5000,3,33000),(214,48,5700000,222,222,5000,3,38000),(215,53,6900000,270,210,5000,3,46000),(216,58,8600000,282,234,5000,3,51000),(217,63,11200000,285,279,5000,3,58000),(218,7,390000,90,80,5000,3,0),(219,71,15900000,330,276,5000,3,70000),(220,74,19200000,285,345,5000,3,107000),(221,79,22000000,390,270,5000,3,110000),(222,82,23700000,321,363,5000,3,125000),(223,85,25000000,354,375,5000,3,130000),(224,89,26700000,420,360,5000,3,140000),(225,92,30000000,360,489,5000,3,160000),(226,95,33000000,393,513,5000,3,170000),(227,97,36000000,525,456,5000,3,185000),(228,99,45000000,750,700,5000,3,190000),(301,1,7500,18,3,5000,4,0),(302,3,14000,18,12,5000,4,0),(303,5,32000,36,9,5000,4,0),(304,8,100000,72,24,5000,4,0),(305,13,210000,75,39,5000,4,2100),(306,17,670000,100,6,5000,4,3600),(307,21,1080000,145,18,5000,4,6000),(308,25,1400000,156,90,5000,4,7200),(309,28,1700000,190,5,5000,4,8400),(310,35,2800000,330,115,5000,4,13000),(311,38,4700000,351,30,5000,4,23000),(313,50,6800000,426,36,5000,4,36000),(314,55,4800000,306,195,5000,4,46000),(316,62,8800000,480,90,5000,4,65000),(318,65,10000000,546,48,5000,4,80000),(319,69,14200000,570,54,5000,4,85000),(320,72,25800000,480,210,5000,4,100000),(321,75,27500000,175,500,5000,4,115000),(322,78,28700000,552,216,5000,4,125000),(323,83,30000000,495,300,5000,4,130000),(324,86,35000000,699,195,5000,4,145000),(325,93,40000000,735,234,5000,4,150000),(326,96,40500000,750,800,5000,4,155000),(401,0,0,0,0,0,5,50),(402,0,0,0,0,0,5,60),(403,0,0,0,0,0,5,70),(404,0,0,0,0,0,5,80),(405,0,0,0,0,0,5,90),(406,0,0,0,0,0,5,45),(407,0,0,0,0,0,5,35),(501,2,15000,2,1,5000,6,0),(502,6,40000,3,2,5000,6,0),(503,13,200000,5,4,5000,6,250),(504,20,1000000,9,8,5000,6,500),(505,25,2500000,14,16,5000,6,1000),(506,31,5000000,40,32,5000,6,2000),(507,41,15000000,30,64,5000,6,4000),(508,51,30000000,130,128,5000,6,8000),(509,61,60000000,260,256,5000,6,16000),(510,71,80000000,464,512,5000,6,32000),(511,81,100000000,1121,1024,5000,6,64000),(512,91,200000000,2050,2048,5000,6,128000),(700,105,15000000,300,100,5000,7,2500),(701,109,17500000,315,115,5000,7,17000),(702,112,20200000,250,225,5000,7,19000),(703,115,24000000,350,125,5000,7,21000),(704,121,32600000,400,135,5000,7,23000),(705,126,35500000,375,275,5000,7,26000),(706,129,41000000,475,150,5000,7,28000),(707,130,46000000,565,175,5000,7,30000),(708,135,55000000,500,550,5000,7,45000),(709,140,65000000,650,475,5000,7,50000),(710,145,95000000,700,650,5000,7,75000),(800,106,5000000,52,10,5000,8,3000),(801,111,8500000,75,15,5000,8,5000),(802,116,10000000,90,25,5000,8,6500),(803,121,14200000,110,32,5000,8,8500),(804,126,18500000,60,100,5000,8,9000),(805,129,20000000,115,35,5000,8,10000),(806,130,32000000,125,45,5000,8,12000),(807,134,42000000,75,125,5000,8,15000),(808,139,48000000,150,55,5000,8,17000),(809,141,52000000,175,65,5000,8,21000),(810,148,60000000,200,175,5000,8,25000),(900,105,100000000,1000,900,5000,9,15000),(901,107,150000000,1250,1100,5000,9,18000),(902,109,220000000,1600,1300,5000,9,20000),(903,111,260000000,1050,3300,5000,9,25000),(904,112,325000000,2000,1800,5000,9,500000),(905,114,356000000,2500,2050,5000,9,60000),(906,121,384000000,2750,2400,5000,9,80000),(907,125,432500000,1500,3800,5000,9,100000),(908,129,480000000,3400,2400,5000,9,125000),(909,131,520000000,3600,2800,5000,9,150000),(910,134,590000000,4000,3100,5000,9,175000),(911,138,625000000,1900,4800,5000,9,200000),(912,139,750000000,4500,3300,5000,9,250000),(913,141,850000000,4800,3500,5000,9,500000),(914,143,950000000,2750,5300,5000,9,1000000),(915,146,1150000000,5200,3800,5000,9,1500000),(916,149,1250000000,5500,4300,5000,9,2000000),(1000,0,0,0,0,0,10,150),(1001,0,0,0,0,0,10,20),(1002,0,0,0,0,0,10,20),(1200,104,10000000,50,200,5000,12,12500),(1201,108,15000000,100,400,5000,12,15000),(1202,110,20000000,200,150,5000,12,27500),(1203,116,35000000,300,400,5000,12,30000),(1204,122,50000000,500,400,5000,12,42500),(1205,126,60000000,700,600,5000,12,65000),(1206,132,80000000,900,1200,5000,12,80000),(1207,136,100000000,1000,800,5000,12,100000),(1208,138,200000000,1200,1000,5000,12,200000),(1209,143,300000000,1500,2200,5000,12,350000),(1210,146,400000000,2500,1800,5000,12,400000),(1211,149,500000000,2750,2400,5000,12,450000),(1300,151,15000000,300,100,5000,13,15000),(1301,155,17500000,315,115,5000,13,17000),(1302,160,20200000,250,225,5000,13,19000),(1303,165,24000000,350,125,5000,13,21000),(1304,170,32600000,400,135,5000,13,23000),(1305,173,35500000,375,275,5000,13,26000),(1306,176,41000000,475,150,5000,13,28000),(1307,185,46000000,565,175,5000,13,30000),(1308,180,55000000,500,550,5000,13,45000),(1309,195,65000000,650,475,5000,13,50000),(1400,150,5000000,125,125,5000,14,10000),(1401,155,8500000,250,150,5000,14,50000),(1402,160,10000000,400,250,5000,14,55000),(1403,165,14200000,650,750,5000,14,65000),(1404,170,18500000,800,900,5000,14,70000),(1405,175,20000000,1000,750,5000,14,80000),(1406,180,32000000,1050,900,5000,14,90000),(1407,185,42000000,1250,1250,5000,14,100000),(1408,190,48000000,1200,1700,5000,14,110000),(1409,195,52000000,1750,1650,5000,14,120000),(1500,150,100000000,1000,900,5000,15,150000),(1501,152,150000000,1250,1100,5000,15,180000),(1502,165,220000000,1600,1300,5000,15,200000),(1503,169,260000000,1050,3300,5000,15,250000),(1504,171,320000000,2000,1800,5000,15,500000),(1505,175,350000000,2500,2050,5000,15,600000),(1506,181,380000000,2750,2400,5000,15,800000),(1507,183,430000000,1500,3800,5000,15,150000),(1508,195,480000000,3400,2400,5000,15,225000),(1509,196,520000000,3600,2800,5000,15,350000),(1600,150,20000000,50,200,5000,16,25000),(1601,153,35000000,100,400,5000,16,27000),(1602,164,40000000,200,150,5000,16,35000),(1603,169,55000000,300,400,5000,16,40000),(1604,174,60000000,500,400,5000,16,50000),(1605,179,80000000,700,600,5000,16,75000),(1606,184,100000000,1000,1200,5000,16,100000),(1607,189,150000000,1200,800,5000,16,150000),(1608,194,225000000,1400,1000,5000,16,200000),(1609,198,400000000,1800,1800,5000,16,250000),(1700,0,0,0,0,0,17,250),(1701,0,0,0,0,0,17,195),(1702,0,0,0,0,0,17,195),(1900,200,15000000,300,100,5000,19,15000),(1901,202,17500000,315,115,5000,19,17000),(1902,207,20200000,250,225,5000,19,19000),(1903,211,24000000,350,125,5000,19,21000),(1904,218,32600000,400,135,5000,19,23000),(1905,223,35500000,375,275,5000,19,26000),(1906,226,41000000,475,150,5000,19,28000),(1907,228,46000000,565,175,5000,19,30000),(1908,230,55000000,500,550,5000,19,45000),(1909,235,65000000,650,475,5000,19,50000),(2000,201,5000000,125,125,5000,20,10000),(2001,210,8500000,250,150,5000,20,50000),(2002,212,10000000,400,250,5000,20,55000),(2003,217,14200000,650,750,5000,20,65000),(2004,222,18500000,800,900,5000,20,70000),(2005,227,20000000,1000,750,5000,20,80000),(2006,229,32000000,1050,900,5000,20,90000),(2007,231,42000000,1250,1250,5000,20,100000),(2008,233,48000000,1200,1700,5000,20,110000),(2009,237,52000000,1750,1650,5000,20,120000),(2100,203,100000000,1000,900,5000,21,150000),(2101,208,150000000,1250,1100,5000,21,180000),(2102,211,220000000,1600,1300,5000,21,200000),(2103,213,260000000,1050,3300,5000,21,250000),(2104,217,320000000,2000,1800,5000,21,500000),(2105,225,350000000,2500,2050,5000,21,600000),(2106,230,380000000,2750,2400,5000,21,800000),(2107,236,430000000,1500,3800,5000,21,150000),(2108,240,480000000,3400,2400,5000,21,225000),(2109,245,520000000,3600,2800,5000,21,350000),(2200,204,20000000,50,200,5000,22,25000),(2201,209,35000000,100,400,5000,22,27000),(2202,214,40000000,200,150,5000,22,35000),(2203,216,55000000,300,400,5000,22,40000),(2204,219,60000000,500,400,5000,22,50000),(2205,222,80000000,700,600,5000,22,75000),(2206,226,100000000,1000,1200,5000,22,100000),(2207,229,150000000,1200,800,5000,22,150000),(2208,234,225000000,1400,1000,5000,22,200000),(2209,239,400000000,1800,1800,5000,22,250000),(2300,0,0,0,0,0,23,350),(2301,0,0,0,0,0,23,295),(2302,0,0,0,0,0,23,295);
/*!40000 ALTER TABLE `unit` ENABLE KEYS */;
UNLOCK TABLES;

--
-- Table structure for table `unit_group`
--

DROP TABLE IF EXISTS `unit_group`;
/*!40101 SET @saved_cs_client     = @@character_set_client */;
/*!40101 SET character_set_client = utf8 */;
CREATE TABLE `unit_group` (
  `ugid` int(11) NOT NULL DEFAULT '0',
  `planet` int(30) NOT NULL,
  `type` int(10) NOT NULL,
  PRIMARY KEY (`ugid`)
) ENGINE=MyISAM DEFAULT CHARSET=latin1;
/*!40101 SET character_set_client = @saved_cs_client */;

--
-- Dumping data for table `unit_group`
--

LOCK TABLES `unit_group` WRITE;
/*!40000 ALTER TABLE `unit_group` DISABLE KEYS */;
INSERT INTO `unit_group` (`ugid`, `planet`, `type`) VALUES (0,0,0),(25,4,2),(2,0,2),(3,0,3),(4,0,4),(5,0,6),(6,0,5),(7,1,3),(8,1,2),(9,1,4),(10,1,6),(11,1,0),(12,1,5),(13,2,2),(14,2,3),(15,2,4),(16,2,5),(17,2,6),(18,2,0),(19,3,2),(20,3,3),(21,3,4),(22,3,5),(23,3,6),(24,3,0),(26,4,3),(27,4,4),(28,4,5),(29,4,6),(30,4,0);
/*!40000 ALTER TABLE `unit_group` ENABLE KEYS */;
UNLOCK TABLES;